project_key;hash
Netflix-Hystrix;081fc06c97dc12b14be77575ef1478b96ee54fa3
Netflix-Hystrix;0d216ad53388af1542b911c88387df7489b740c7
Netflix-Hystrix;157e79669533fa6549090e083914359120269b02
Netflix-Hystrix;2b295add9c60c96499c36968c56eb4381eacd16d
Netflix-Hystrix;316b7ea0db70f1c485d622528bbd5bc208eeae63
Netflix-Hystrix;3246e46f18ee533db1a0c9dca6881ae7c8cb9ed8
Netflix-Hystrix;4a0d2806662666534d805464a37f0dd12b5c8358
Netflix-Hystrix;511499f1378ac98049cc8a6cb198efa6fd16e637
Netflix-Hystrix;584340f6637e87486485ada9caa0d1ab1a572057
Netflix-Hystrix;5bb931afba51ea8144a1112d7585a5579f2b2d1b
Netflix-Hystrix;5c001760e18e348aae4e5d52fa35453b21f57ecf
Netflix-Hystrix;62ac93f94c7248c2a5bac596344bac0f332fdf7f
Netflix-Hystrix;66b53236ba52ef63fe053db800a65cb104dac336
Netflix-Hystrix;75f5c3bb53c524f3a69e060d9c266316924340fe
Netflix-Hystrix;793d366aa7fe69e4b595c82d25896b7cd4a7e30e
Netflix-Hystrix;82552f8713099696a176d802e399cee550cf0946
Netflix-Hystrix;8a39e8cbf14cf87fa0668beab2982167259ee54b
Netflix-Hystrix;8a7ea5a23adc4058229f2f5c6cbbd71c57df0cc4
Netflix-Hystrix;8ba858a87ce7c0732fa7d82abb410f9d7c596291
Netflix-Hystrix;a7d4696a492aa671905ed8ee4d6b792e2c7ebeb6
Netflix-Hystrix;aac5e8c2c95ee99808ac2781bce13bdb39370fe8
Netflix-Hystrix;acb1f681f628ce05141e79aa595e041b73dd39b0
Netflix-Hystrix;af63e134393a1512a0e96d684ee22f123da26e11
Netflix-Hystrix;b6b23ceba0808a9d7ed73e3d0d2f555e34b83dd2
Netflix-Hystrix;bd6a392cbfff2bad90c23cf5ccf781d5f4dfadb1
Netflix-Hystrix;d9a7023b89212fe658c2af57ae14a27c8e5b4675
Netflix-Hystrix;e4a7a4aa4b984c400de7fc413abe3063132e4ed5
Netflix-Hystrix;ef3735f65b17552a33392b9a27af1f4347a265ec
Netflix-SimianArmy;0560928ecdde095567d5573609bb1d1eb515dcef
Netflix-SimianArmy;3940fad02e066d14e7f674ab76a9b7a23e807bbc
Netflix-SimianArmy;43653c0b2503534661b8f7bbd797ce37cb2a7526
Netflix-SimianArmy;4e936d5e174165baf13a74ccbab746adb7337442
Netflix-SimianArmy;c7b1dcdf0709da5eee70ac5bb8dc1bd350a12c6f
Netflix-SimianArmy;ca8bc16f81b81f0959abe22226b5766204ff7f8b
Netflix-SimianArmy;e24130bbb91e30390c0a2d9623728fc642c0125d
PhilJay-MPAndroidChart;014c6886334a577a34af3d9dc6c349efc79d2564
PhilJay-MPAndroidChart;05e163a153aa03d25411be63177fde20f21ffc46
PhilJay-MPAndroidChart;08c94fc0f98e0b1bdb6a3fc49649d7770463e3dc
PhilJay-MPAndroidChart;13104b2651bed37c1eb238eacd09e05e5906534a
PhilJay-MPAndroidChart;154997cbf79a5240f9a565601df5d61f65cb0ae5
PhilJay-MPAndroidChart;17091c7934b40fca8d5682ea6e1b6f9a7f27debf
PhilJay-MPAndroidChart;1bbcc530c418fcccc06a4823a1c53b597147e265
PhilJay-MPAndroidChart;2de0ad65e4bea6404ad90a3f35f43c4de1b9d33a
PhilJay-MPAndroidChart;36fb5734bd06d4b65a8a7c776c9086aba22f5d63
PhilJay-MPAndroidChart;3d1649aa1d8f7e11a093d281fba7eda472b4860c
PhilJay-MPAndroidChart;44b8ebb341c41da79dea1c61648a59c242e8e143
PhilJay-MPAndroidChart;44eac7b564873b00dd078b9b39700650fd036420
PhilJay-MPAndroidChart;49373ac80e4d1cb4810118c112052563f64e774a
PhilJay-MPAndroidChart;4c201334d816311cffb5b2ef35e5cbb637f6d054
PhilJay-MPAndroidChart;6b0e5f29f37364f298b835c35f06d1e33c76cf3e
PhilJay-MPAndroidChart;73c60d58b947e2adc792182e94509364163776b0
PhilJay-MPAndroidChart;7c572207945bedfb8aaa8f7dfe4fd51bbb9841a9
PhilJay-MPAndroidChart;8ea97dbd1fb03b61db574e65b41e4f9d887a85d3
PhilJay-MPAndroidChart;8f62fda714b21e1599d4a49ea032fe10bdeaf504
PhilJay-MPAndroidChart;922e4793648ec4f4672711f9f3bdbcc5f00a7f0f
PhilJay-MPAndroidChart;9306327f7d4b7a3fcd04b3acd3619064fd1fba67
PhilJay-MPAndroidChart;96edb7807781f5f437c81c187287f34de5ef5e79
PhilJay-MPAndroidChart;97a4d44d4a7d1de6820a3cab4255fda334c8c43c
PhilJay-MPAndroidChart;9838c038359e950d8e4684e0a83f8cd0bc7f5ee0
PhilJay-MPAndroidChart;a7fc1bf2c0ae7e6910c08839c7a997f0825b9895
PhilJay-MPAndroidChart;d1839b41b7c79fbe35bccb4a7edd056beb579147
PhilJay-MPAndroidChart;da394b779e29ca9b9ffb850ec3d2fc818b85f28e
PhilJay-MPAndroidChart;dad180ec9606a4e418f8638e33e9260f8cdbe797
PhilJay-MPAndroidChart;f3063438c45c06188e27c48a11373d949c7b2e53
PhilJay-MPAndroidChart;f629df992b0b1200bef8c873cbc3b4d4c827f61e
alibaba-dubbo;4838587791caefbaf6b96f389229265b2dfa4204
alibaba-dubbo;92f28bda385ac79954672a499c5acfda82ca9f39
alibaba-dubbo;9958282387ce21db0c0e6dbfb598ed4be66965f2
alibaba-dubbo;9c1b50842e8ff679a73a9a46555a18b439fd937a
alibaba-dubbo;e30c6b89c75feca1bba18ce65b1bb2a35828c188
alibaba-dubbo;edc4cab9b6f5afd309d14a13de7699d377ebd315
elastic-elasticsearch;0105b651607b1587521184ac4508440349db1fe5
elastic-elasticsearch;02da246b1076f9e002220dbb05eb7e8b31b7b686
elastic-elasticsearch;055234c893ea9402fe7eb1af742ef53f31670818
elastic-elasticsearch;068df5f8aa5642432c77962768b17046a86ddbc4
elastic-elasticsearch;06b1d956f80912aaad4d367398a21e7744e67410
elastic-elasticsearch;0c7795f53db146de164ed56f7a8718518c680909
elastic-elasticsearch;0da9f2038f5088cac619cd26f526d803ccfbfd0d
elastic-elasticsearch;0eed5cf08397e6fce1e7e4c8ba4655437c02d792
elastic-elasticsearch;0f3206e60cd4dc25f4f02fbad438ba6ca97b5fd8
elastic-elasticsearch;1230cb02788724ad52827954658182f85c1fec6b
elastic-elasticsearch;1264f37a1b48b4348feaf9df05c8c551a834e015
elastic-elasticsearch;132df1034267255da60be9dd2c1ac2fa676d3b49
elastic-elasticsearch;137bfaaeff3a1713ae2112aef16c768fd74fd722
elastic-elasticsearch;13805c2a23763da08a15c5f1de618edb95d340dc
elastic-elasticsearch;13c0b1932b9a9999dd2ed7618238253ecd2eff14
elastic-elasticsearch;142547271ea88ab116b3094bc3a9f646eb7dca2b
elastic-elasticsearch;16d9480d785e498092e2d8c57b1ec2ee82ca5150
elastic-elasticsearch;177e3ae3311a431ca5177ffd9de88da6dc077129
elastic-elasticsearch;17913c56fb6b0bea9b8740e72f2c4caf93ebdb60
elastic-elasticsearch;188aa684ac3828054d013c9917634db3cdb95fac
elastic-elasticsearch;18b73ce8296382f8e5d0b5874e9e8318f084030a
elastic-elasticsearch;1a34d91641ca6106136743276dde0479f1a8b446
elastic-elasticsearch;1cf52c2663fa400f71f87150ed79589061fa7314
elastic-elasticsearch;1ec44dcddad791c519a602fd968b35386f4d6ff3
elastic-elasticsearch;1ef24d2a85f1636f95ee6e536f6cfb1aa9eadcfe
elastic-elasticsearch;1f52bc52aa0a156e4329d32189f46a5948c3e6f8
elastic-elasticsearch;20bff773eda14804a77f6b76d98d8ea63ba6f4b9
elastic-elasticsearch;20facccaf6b2aa40ab7bd93eb9357359d336a1cf
elastic-elasticsearch;21f3cb09c29aafcff0bbc9ad9bf413f10114ced9
elastic-elasticsearch;22c5205e678b9cacfacb4cea65c2f5def7659ac8
elastic-elasticsearch;22ee910f43f00d22d2b53073fed2885faf82a17c
elastic-elasticsearch;24130e1f30e4d563af619be2be14f1059d867299
elastic-elasticsearch;247b5c8430f6668144bb423e410b858e2100cb76
elastic-elasticsearch;2539d94bc95f651971b1c23db395caa603ce4b0f
elastic-elasticsearch;2628ecfacf63b3f6eb3b81f18e35f416dbc7b91e
elastic-elasticsearch;27d8509f0e95e598d725bc713da07d5b433631c6
elastic-elasticsearch;28dbccaced35ff7d0e9b4e0850bd4552fb78f070
elastic-elasticsearch;29fbcd225b815bc2e0891ebdfdb54cf82ba84d4d
elastic-elasticsearch;2a844fc457a38650de3aa13ec07e4e8904646e6b
elastic-elasticsearch;2d2197ed2e6a2e3d5186827fcc7071a51bec9281
elastic-elasticsearch;2d42839eefa506e568fdb2b7045fa260ef2354c5
elastic-elasticsearch;2dec12903842af471fe43b73b5acd7bbff8e9b61
elastic-elasticsearch;2ebb44d56f2c61cb14afca1caea21a0ecd4130fb
elastic-elasticsearch;2eff0633417702ec893b683ee8a7b8ac36e7461c
elastic-elasticsearch;2f97ff09256429b585252d26724aa0c21ec8c27a
elastic-elasticsearch;3146cd21e2e527ed1117593349b2038957031c7f
elastic-elasticsearch;31a77185a6f159fe42b14ba264af0c1f6fd42094
elastic-elasticsearch;31dcb3e18bc62945d2557cf804c7b2feff8b61ca
elastic-elasticsearch;321c463929daaa6f51b3dd5463bdd30f7b81c3bb
elastic-elasticsearch;335e7fca243615365000baa013f13947f531f73b
elastic-elasticsearch;3381f50e077ac9a23fd6bfd565d03ca3564b3f37
elastic-elasticsearch;3703ce804b5f6da5f5f399578889a00d7467a1a8
elastic-elasticsearch;3954306af26d91cedd1078cb52ff4ec039956a39
elastic-elasticsearch;3b35754f5900286acdeb9ada7d2a988a9d177ecd
elastic-elasticsearch;3c5b43a5bd426e4e1b041de31a0f7051081b3921
elastic-elasticsearch;3c9712794e017bbbf6412c412e22b268a868ccd9
elastic-elasticsearch;3e0bd500fc343f7b2c6fd45e36989bced212de5f
elastic-elasticsearch;3ed4ff054f6f2436be20d44b8cfb0e8045ef0ae3
elastic-elasticsearch;3ee9ae6f9c5f2b238c046484b3d693fdc82dd756
elastic-elasticsearch;3f06d9f3b8516bb30a2890a36c2973f08f9c6076
elastic-elasticsearch;3f231867124ecdb139f57d25eca5113de009b548
elastic-elasticsearch;3fcca2c516cfc006253a0942c4ff2ccc53675f6f
elastic-elasticsearch;41d8fbe8f51abd499c9b497238bc5f2141b7926b
elastic-elasticsearch;421ed1228b545a07db4710f0ee56959d70e64d45
elastic-elasticsearch;42a6869bb1996dd1bea0bea1d49bae6f421afebc
elastic-elasticsearch;445be98e4cd36689af396ca0da8a1531ddbfe99b
elastic-elasticsearch;4504a586436e45de131dee7ef4eff0df5240bc70
elastic-elasticsearch;450aa7b3ce95fb58c4eac95a903466249aa55edc
elastic-elasticsearch;454f3e867954a9e7268c9685f4a9d451f4ec687d
elastic-elasticsearch;467a459f95d8709379bf3e7f415644b246a89dba
elastic-elasticsearch;467a47670c065d665bd450489d8cd3171886c760
elastic-elasticsearch;470f5370b9c08459d6298152bde0580554960aaf
elastic-elasticsearch;472cc0af083184d33fbbbaaf4249b125bf177197
elastic-elasticsearch;473e880a7c2fdb162f1d2d9e6a0624dc4475d629
elastic-elasticsearch;47bcb33006228369312f6f18f05868d6d1ec5def
elastic-elasticsearch;47efa5c0589435becdee762f26fa7e88d439075c
elastic-elasticsearch;4a3faf1126800a4e4be736e11fae64269e7a4e55
elastic-elasticsearch;4a71898e09cb2bbd6f12aab4d18a333a068d2dd3
elastic-elasticsearch;4db689f05e532eb5b096fdd4f936c942d190ba23
elastic-elasticsearch;4f4b1b74df829049f8092ff25059df18fec39513
elastic-elasticsearch;4fb6386df3890bfac2d020f64902b0707baf7edc
elastic-elasticsearch;501497df1cd699d404aa316c70ef325dc00175f9
elastic-elasticsearch;52cdac4256c26edbf9721e689dae6d9cead9d9a7
elastic-elasticsearch;53cce3c399aa55bc0ed2ae567732702b12b290f3
elastic-elasticsearch;54d2b5f3b6e2c2820c626950a6e619087b6587fa
elastic-elasticsearch;55c33b29f6569b87da75a0d727cf76f12f87dcef
elastic-elasticsearch;5f1ed47df6ede770f5e7017a083d4d0960b73af2
elastic-elasticsearch;5f66f681358f6376eb000eaecae72bc34de45ddf
elastic-elasticsearch;5f7b86306726c73d49176a75c59bf729a9b7e603
elastic-elasticsearch;608f4f8b6ed2b4321fd2c78992e4828fb6c49e20
elastic-elasticsearch;609456a3246835ae065c79d4c5a19109ca5ab940
elastic-elasticsearch;60a2dd7020e28392ac8c568454614dbc0e762d4b
elastic-elasticsearch;62025d39d315f4aa36a5c304058d2ab8baa04787
elastic-elasticsearch;6292bc07f998e50236cd953f5fa9db521332a70e
elastic-elasticsearch;63090f5d4bb77840d01e938960cf609ec0c6639e
elastic-elasticsearch;63530631f9fe1f63b9677af61019639bd8cb78cf
elastic-elasticsearch;65391e8a83e9e834ff98119df8c9bf04ed2cdfe1
elastic-elasticsearch;654dc20897b0e4eb479c5dea64b3a87dc496ba4e
elastic-elasticsearch;67cb11e6222135b8f5887f812d5619788a97909d
elastic-elasticsearch;685bee308130d02fc379e09da7b817fff3a479b6
elastic-elasticsearch;69b21feb3b13936260e3216afe696cbdadf44be5
elastic-elasticsearch;69fff60624125bc01a07791623e813128d869ba5
elastic-elasticsearch;6a2fa73fb5309935ed5b42d4cfa8f47b47dacc59
elastic-elasticsearch;6b4c51f4424976f2887bdd416b6664468f9d79e6
elastic-elasticsearch;6c023010328e8838ee3c097e818a09dbbbcf8e49
elastic-elasticsearch;6e83f41e947f4880cd9b59c920d887521c5f476c
elastic-elasticsearch;6f2c36dcb709f2907ffe79bc4907c88e3f343a66
elastic-elasticsearch;71b204ea49ea6c8edd2ca79abf0eaf0e3cf6c362
elastic-elasticsearch;73c0cd512ab3bdc03b8071a1012dffb7b9382491
elastic-elasticsearch;7621c8875fe933e4021d501291ad0521c98a27e4
elastic-elasticsearch;767114adec16001b448f1d88174524297dcd5006
elastic-elasticsearch;7afa37c62e984dbf12cb4d0f9a1b1bf96d045365
elastic-elasticsearch;7c104fdb399a8e8ab45e3090e2d8ff5c181b0745
elastic-elasticsearch;7c2a8dfb9e3b61ecd8694da9cda11fddd0825cff
elastic-elasticsearch;7c4f874ec812420cb6fea1d28db231f01ab8e4b5
elastic-elasticsearch;7c8eb184eea38b050ab9a9603e00d09c3e2922f8
elastic-elasticsearch;7cae28f96ad35ff2dc56d8df866e601a0a187bba
elastic-elasticsearch;7dce8e18c67204d893a02281e12b9213c30fd58a
elastic-elasticsearch;807d0852181da5ae332eafab4ce26980610c03c4
elastic-elasticsearch;80be0f72175b0e749b19b725070c01427c1be2cd
elastic-elasticsearch;842608c396e852f73004c88a1d9d2ff292623a1f
elastic-elasticsearch;87d1bdd3fd6faf1d05457aeded65f0b195b89aa8
elastic-elasticsearch;884c40abac893794096aaa3425f929270fe5d6d3
elastic-elasticsearch;8a590d46b845283c3852762ddd3b43f6ea03305b
elastic-elasticsearch;91e722d5e6bb6843c4ea5067da17096e1487c09f
elastic-elasticsearch;922f68d7f286083778a2c94be60d53fe82dea4c9
elastic-elasticsearch;9688e86b386590d99562c39fc11c9f03434e2373
elastic-elasticsearch;96e29be7c6b30ee6ffdbf7c1e198b705e2fce306
elastic-elasticsearch;9787266b60afd6a9926231fd5145a2f027ea30b3
elastic-elasticsearch;980f49b56698a34dedf16ed4364b0775c469d7ad
elastic-elasticsearch;984b94e8b75f4c7f5a5e878548509a36bdeeec37
elastic-elasticsearch;9d68a515b8754aada7247bee5e2096789c795fbe
elastic-elasticsearch;9fa4cc92e550180182f5442be7822c07745007bc
elastic-elasticsearch;a0668a3b2b3cbcc6508a845f89ef92d8f43b1578
elastic-elasticsearch;a1312a535003cdf91918788fef4dadca07477547
elastic-elasticsearch;a24d898b3a088ff466d305e199051362495bec95
elastic-elasticsearch;a581d7cca4b5be82bc503a7120be92988a5fd339
elastic-elasticsearch;a916830ab406359480709083831e36e4975a83fd
elastic-elasticsearch;acf8e2e9175cf31ab78fd6f23ec5f584f5562c60
elastic-elasticsearch;ad118eb1e5f04e5a3cac6c48fadb34e4b139ea47
elastic-elasticsearch;af0e40ec7ddd0539a138a9b9aa15c92cce8a69bd
elastic-elasticsearch;b039360d2ea974b9827df90ee7d425ca15c638d6
elastic-elasticsearch;b27b0483d597dfb3d3318cdde18a3dd272b62f00
elastic-elasticsearch;b328e26160b47abe904dfd08e920d31f668b7e57
elastic-elasticsearch;b4a095d430f592d0a0e4f27d5beab7aed84a3441
elastic-elasticsearch;b5aee2075f1b5a9fd6a3a0f3b7594e5d51c57b33
elastic-elasticsearch;b6c9eaa24ad314afc83577c4ce3c2eb6798b64bf
elastic-elasticsearch;b77175ec2d94989f7dfeb1b90dd55574c35707a3
elastic-elasticsearch;b7f497627f4f943d2a38ff24dc1453e7f17d8cf6
elastic-elasticsearch;b964004a6a3751f6260069475e6ade56bed32b30
elastic-elasticsearch;ba20fc2d0a6fcc790894b8d9f7d6fd23083309bf
elastic-elasticsearch;ba68d354c4087f7613b2642cb7e9b2ed4d35c766
elastic-elasticsearch;bb364cc793feb57f46dea33fcf4112277da1055a
elastic-elasticsearch;bb4d8b79fe38a611d77fa8d36e65d1e40f4b6745
elastic-elasticsearch;bbeb09eae7ac3c5d9837bb26eacfac6bba468929
elastic-elasticsearch;bf390a935e8dfcb09a12dcf387c838fb7029ae1c
elastic-elasticsearch;c27408bdf5af7583465b78bec379d8d72e9b5e5d
elastic-elasticsearch;c2c4ed37364bea3a9285b3fae8614829e22b54e9
elastic-elasticsearch;c36e61190c30ce7f59d2849b2b5044f742dffc59
elastic-elasticsearch;c44fe5c907a7004ed098d57daf11e997d3386620
elastic-elasticsearch;c618f75b7640365387ad790bb6e485e16990da9f
elastic-elasticsearch;c62d0b9ee3e8d838412d0067111c805615e28e3e
elastic-elasticsearch;c7c8bb357a1ef459a7c59db4da9cbda1c0d439db
elastic-elasticsearch;c7f5911d1b5a7cbfde7d1c7ea83fadf2ece55a83
elastic-elasticsearch;c911f4d951d95e922cebaf55147a6a698b1e01ef
elastic-elasticsearch;c9cb1de6cb0246da3cc22041b9c8b509108cc815
elastic-elasticsearch;ca033b42a90000537c727052d84048ec4d103e95
elastic-elasticsearch;cb3122baab4c3c26b3343dc02e5489bfdadd8550
elastic-elasticsearch;cc5471c564aac901764f52b1deba049ba45d06a0
elastic-elasticsearch;cc69de5c5fc91d1cfcdb29c6696eff224cdf3545
elastic-elasticsearch;ce50fb49b3264b5a5b9a0e3f9803bc341fa89b28
elastic-elasticsearch;d0b5fc8bb43cf02e21d7ab1f98fea840170fa00c
elastic-elasticsearch;d0f5950c80044bd174629cf9da8cf8e1b97084dd
elastic-elasticsearch;d3142e3416f89f9a5bcd699baa85825caeb4ff99
elastic-elasticsearch;d353dcb138b1a44439e7a816cf3727f7605e3b0e
elastic-elasticsearch;d3db061b3aac3099639974832626bea5b42c9710
elastic-elasticsearch;d4c40fcbd80cf4f8418db1a271dc1b4466066c92
elastic-elasticsearch;d5819b6f7b27627cd53b4829106ed966fd785fdc
elastic-elasticsearch;d5b75491dcd679bfe1a3983745b5d5e0553f6dc1
elastic-elasticsearch;d866906612753f6d5423ddc495dc163787281c4f
elastic-elasticsearch;da699ceae2802d8336931d5742d53de09b4e8f47
elastic-elasticsearch;dbf5c9687677699b1a2ddc5f4e33e86ce9db8329
elastic-elasticsearch;dcb88909d5f988ac7b2ebd7e602d9c8953ce853f
elastic-elasticsearch;dcd8a8207f46e31b6186c2c176cab73e2ae0c62e
elastic-elasticsearch;e0599bfb6687494ea3ef96b7a307436478b7bfcb
elastic-elasticsearch;e15fa99ee3a099f98c8225e6e1d60126187a00c1
elastic-elasticsearch;e2fbdcfb4ffd78a590707370ec4ff524c94af414
elastic-elasticsearch;e40409dd7f910c237e52c13394f8b150865e6389
elastic-elasticsearch;e4dc469e586620a6a7b9c023a9200997418715a5
elastic-elasticsearch;e82713ae4e10699b1d553a85b75087c2c635ad9a
elastic-elasticsearch;e8d74bb9d9093e3a3184bad73fabd9de99772d09
elastic-elasticsearch;eace0659314b76ab0d457d02fc34010f0fb85ae1
elastic-elasticsearch;ee3c15898b214022ed2c10e84f7c061449e9a4c9
elastic-elasticsearch;efadf87371e8cf97b49a0761499108be2a5d7853
elastic-elasticsearch;f1d1c3c79fadc7566eedf9e46c2a16258be5dd73
elastic-elasticsearch;f2605b34d6c93d4c1a7cedcbb1d748a66c52afa3
elastic-elasticsearch;f3d63095dbcc985e24162fbac4ee0d6914dc757d
elastic-elasticsearch;f3de7783d2f6e1a53529170c8bfcb79f2e9bade3
elastic-elasticsearch;f7696ec1493a036ff006cfea91c88df9e7cc7454
elastic-elasticsearch;f8a90edab28fe6039b2d418519393f34d2f8da80
elastic-elasticsearch;fa8a300f71cc044f4cddffde16ac6f4b189c1730
elastic-elasticsearch;fab3b5568f0e238fbefbb1352789f8a61fc8ef0e
elastic-elasticsearch;fb10e595787d5bb0761878bb6a7bd0617a4e65ef
elastic-elasticsearch;fc4e8fd93767c3a4da78d89c499a32c8143441e0
elastic-elasticsearch;fc8e452a3741defe39ba49e83c160fdd321290ec
elastic-elasticsearch;fcc635fd022cf6a13dce957dd60c1fe91837429e
elastic-elasticsearch;ffdda793a01b32b757ef56f864aafff4816b852e
facebook-facebook-android-sdk;0b4ce801605f97b157092341fa12aae0d6ddde19
facebook-facebook-android-sdk;39c39ef54d18f9289f9c7346bce713d257994c6f
facebook-facebook-android-sdk;618dfea9241bc995e0ae3cd7f329041970c1c2c5
facebook-facebook-android-sdk;809d08638669042c09a8c4b8c73bac73e0e764cd
facebook-facebook-android-sdk;92204ba89f9d070609f951328c5ce656d8afd891
facebook-facebook-android-sdk;924e59137e9f5428e4fbebe656871eeb3989e0b7
facebook-facebook-android-sdk;a9a791dc65d8a3a66ed9aed703437ec496bcacf2
facebook-facebook-android-sdk;c58af0b64d85a853f1c79f2ee207c6d9992d31ba
facebook-facebook-android-sdk;e308594e40b1e99ac5dc73d46b7c891631c1e9ca
google-iosched;4ef25b4981717bf17bd22061b05630875295719f
google-iosched;73dd4d3fbd80a336abb594e29b152dfc4134b239
google-iosched;b3c3ae2a5b41e28c07383644d78e5c076288322f
google-iosched;f56923be23bea189293676f3647a8e1beec33343
google-j2objc;8aafa3653bdc17676f47f00f9e560e5fcb73fc47
google-j2objc;be312f6d6694f4d7c16fef62b667537cdf879e85
junit-team-junit4;010f7461c5e9bb4304b68b8c0eb3027b677d7f31
junit-team-junit4;15566c4b6633db5cc84cae78088b36346b7d42f4
junit-team-junit4;19869a298da02326cba2951dcc7c1a84fae91b89
junit-team-junit4;1cec456a2c5638818959856eb3cef98743cbe08b
junit-team-junit4;2a010a89464d9879a740fc611a004a6c15ae6ed1
junit-team-junit4;34e66740b9117ce85cfd416f9e931b2e533ab16e
junit-team-junit4;3aca014a2c39723febbe7def2fd132da80c3f4a9
junit-team-junit4;3f2d6f8f974560f970bc0f021c13224122d9ab2d
junit-team-junit4;5408162765635af9b42a47ea865b06865284a2ab
junit-team-junit4;5edfb4447b609c178d63a3d991172861076d143b
junit-team-junit4;63743d52743cfdb104c38aabec192c8c86fadae0
junit-team-junit4;7d07b8db30db7ee0d7220af40fff25f22aae2c9e
junit-team-junit4;84d0e8acbeb64188b6697466f929455e62d906a8
junit-team-junit4;94aa692b0489d1fabd31c779c1a700a3b0890a24
junit-team-junit4;971c9a52281458375af79e303449fe22bf91feab
junit-team-junit4;982a75011a074ab25f2c96a1c2639c5b1ebb3b18
junit-team-junit4;9c5a2f28935a2d816ac14894d6c7cfb3c32a98f6
junit-team-junit4;a14fc5f174c08a9ff6e97b266ae3d84efcbd84e6
junit-team-junit4;a2bf97027581ae4da52a3905642cae3331623808
junit-team-junit4;af5722e040626f7c3aa14ccbfb4cb2375f43a561
junit-team-junit4;b2d26ecd55eb952ad4dcd281ac3c4db77fbf9ba0
junit-team-junit4;b8adef37033aa4177453362d24b3f2ecb7031c59
junit-team-junit4;c228881359e2a4ccd0d5972c646f043ec42d62e0
junit-team-junit4;db9a456f1cff2de765b0dd979bca020636dc88d0
junit-team-junit4;e012e06dc326394a3a834d974e9af3fea0e6df91
junit-team-junit4;e4c92d479b18b6c26a22cace23f33aedd116c116
junit-team-junit4;e8b91fa9f797dfe16aff66ed6ad5d6104e5133fe
orhanobut-logger;aca3225c4387774c5a1c43c4a21d1096c5f96532
prestodb-presto;1c163bb045f52599279907d6f7c5813874073f62
prestodb-presto;cb28962a4b1861e5fcfa75fa38597abd42978476
realm-realm-java;00304a8ca4cf6a2d9553f2264288af2e816dfa2f
realm-realm-java;0800fe8b3c1ebfaf9abdd7324fde14c3b02911cb
realm-realm-java;083fd7f061978d4eb7ad312f174de02f0b63a304
realm-realm-java;0ae0ee8621683f70dd07420cc0891d64115ebc19
realm-realm-java;0f16bd3899ad64a8499548764d5c6c3770b24e22
realm-realm-java;0f290d116f4047bab19c576ea60958da11f10b4e
realm-realm-java;10bb1967e2c995973e0ee8b28243187ddc87223e
realm-realm-java;124cb4d94d50a0baf457e78519dc7a50d629d011
realm-realm-java;1257b358c79c63b4509b347bc8a39a360898f783
realm-realm-java;15051bf50b0d199e702452a6716474aaeb14724a
realm-realm-java;153a79e0f14da1a5a795d601e01cab91ac0694b9
realm-realm-java;160d01e025373de8007bf625cbb18caa613b53fe
realm-realm-java;166d6b88918e7d13e99ea157a3bc387b2fddd761
realm-realm-java;171f574c185a515b5d3d496b5e1329c2a179dccb
realm-realm-java;17228f76f026146536752e0a405714d2fde7e07b
realm-realm-java;1a4ec7374f2a3d80a6a4e105e34ab2aca9f5870f
realm-realm-java;1da9f86e8db2efe5c7ad94e43b3ef5339e94e13b
realm-realm-java;21801d7c09fdc452683525a8ce15294baaf96fa9
realm-realm-java;21997c05e332eb8668cc28d6e758fa9da350cd56
realm-realm-java;24b89d6efc5e24348028de210b61552e5537939e
realm-realm-java;26f91054ce6962f8c94d55b05ced15d27f524571
realm-realm-java;29895b5660bf8f39ac2247b04e6830da9d955bfe
realm-realm-java;2e000b912b61041da4fe5e679c08a53f903b174d
realm-realm-java;2eb0fbcbd8104b88b0dfcc71497578337a8dea4a
realm-realm-java;2f401eba10be412bb2d3fada1ba32602012b1088
realm-realm-java;314f264696ce366d24eda7ea6daf391e6f28c32b
realm-realm-java;316de39876cc03d09b7a83f3ce47c4da8b500bd4
realm-realm-java;318113f26494faaa5ee64c1a2462a58a5a69cf7b
realm-realm-java;33d47a7b5285da9ff1c654adc393fc8484a999a0
realm-realm-java;36830ad50d29c5663211fd08ab878362b7b4bd4c
realm-realm-java;37e80cfa380a91849d9da3dc33908293c40fff26
realm-realm-java;38f594bb67cca5e09237c20719ba677d719e25aa
realm-realm-java;3be648f4001df0bbb7278075b56cf3adc5e48272
realm-realm-java;3c70babaeecd5334f25934d77e69edd09a1d9325
realm-realm-java;4302a4f53af50fed566a93beeb7570a7d38d56b8
realm-realm-java;43cc158ed90ab29da613838430bb8f5b395ce8ac
realm-realm-java;44b112dd02e7cebeed8f4a4e266d60ecec5a4ff6
realm-realm-java;4938493d533db2b5c5671559277fc0d49f3927fa
realm-realm-java;4f15d8df48244efda1135561b2c9463332862250
realm-realm-java;5215e2e34652113558ada341743ebdd3bbcf62c2
realm-realm-java;53777e26239aff24284ae003fd7d7d0f3d957f43
realm-realm-java;565223ad435c6d67a882df92c051d8a3dae0c39d
realm-realm-java;5754597eb31dbaf3e9baf59ca94c75ffe9e9aa87
realm-realm-java;580843af917c4a3a0f00b1fce4075c412d9ec980
realm-realm-java;5a14ea95979309a0119fa57c99cc9025339e9ad3
realm-realm-java;5ae45283a415495b25f3de6e489794983764fdf3
realm-realm-java;5f5cccdf408ac635de4ece6a24efc9f53e76300d
realm-realm-java;62686c6446a1075c83d4d0c3fdabde460c478e36
realm-realm-java;69401df1ff069554cc442dcc0d7f3bc000806289
realm-realm-java;6a2ee846c24d2e60bdd5ed116126c748a1af3571
realm-realm-java;6d1414a956ac21842dc8c92895426e15a3498620
realm-realm-java;6d4c78a5b71df8c617a6a11a5e344e1497ebc6d6
realm-realm-java;7098c67b354575bab808cbb76c027877f608122f
realm-realm-java;738169db8f3f2d81c9be616155a3b8647e2271e9
realm-realm-java;7397aab1289dda13d549545d4483d5574bf6f621
realm-realm-java;73a2771f495b66dbe7d70c020919a5e41b151136
realm-realm-java;7c3920e951255fd206f11326cddb048c35618315
realm-realm-java;7fc5859c77a62d4b51ea20b45c60cce4bb3874d2
realm-realm-java;862ff5e257f8f00f1f897d5d2b9b6045cfd9e7e4
realm-realm-java;89fe0a9332b2acd28883f85b75038a7a91000ff2
realm-realm-java;8a424e815ddd465f32e56ac01a483372600e524c
realm-realm-java;8db5ac458ab45bbde64ef133566945050643fd74
realm-realm-java;8e19fbc877a4b64e3c2ae1c1279c6191c14bec0a
realm-realm-java;8e2b3abd06e9a7f6ad37f46cab779c7ceacf09ee
realm-realm-java;8fb263770c97226908f504dbfc56453507382f2f
realm-realm-java;91a70ffbb4a89327cb607c2783927a2465e6d42c
realm-realm-java;9656ad8cd2c7e972e72cfa517290fbbdd103ef27
realm-realm-java;987533746334f2b7e61bdd83aee5c24649b94923
realm-realm-java;9e88a83a474b1157f9e8ec6fe4806cc2985857a6
realm-realm-java;9f5765a31e6408fe204065f79b67e0ff279858c7
realm-realm-java;a0d338999673815be61d37b2c93db1bce50ea504
realm-realm-java;a4333bb46da2c3d9237ff17068427f21297bb701
realm-realm-java;a6ca6699616fce2aea14b159c559e7dae6dc051b
realm-realm-java;aa6f5bfe3d5531d09febfe4c3579c1a2230aa294
realm-realm-java;ac34b0dbf85f72a712f9aa58fc5cfef68777b626
realm-realm-java;ac3a6d10d4827fffc44f141bf52cf63c84a17b59
realm-realm-java;ac66c5cae26ec9eff6bb64bd05c7e9c779261354
realm-realm-java;ac75cdfaf0f3f4d7883f2499e18e8c959c069604
realm-realm-java;adaeeb21afbfbd0ffe161803e4039d5419186726
realm-realm-java;af17066269364226674bfea184a00306698061ba
realm-realm-java;af94b5707dff7875dc82550bd10ff91552317f90
realm-realm-java;b0b77e624889077b5459702874da72e48e637493
realm-realm-java;b68e8cb7209fcd68bf13e965e2b6f98ffd4b0bb2
realm-realm-java;b763f5499056e004d9260d5e074e4558dfdb58ce
realm-realm-java;b7af427525e7dc6634fa9ce241b9c4f87395b795
realm-realm-java;b9d8c1ec18e8f3f7b3197e22d9115b1a007f6f4e
realm-realm-java;bef637884be1d6d5965a391cec073f73d7bfc574
realm-realm-java;bfe270929b0bff1cd04b5098ba3562886407926d
realm-realm-java;c137bc21de7cbff99e598eba7a5f199df6d0cd1f
realm-realm-java;c1a934d92d5fc08196b9df9175ad8c02b2aa5729
realm-realm-java;c4d6122f618d1c8e8e65a301c457d9c16f18287b
realm-realm-java;c79d997c05c866c8cc29cd0e85210b9e07d657f7
realm-realm-java;cfc06929f60145cba4bf7f7a80721e062afa1db1
realm-realm-java;d0827b3fc3111d0605cbd87a6a53cb65007e7727
realm-realm-java;dc143394d5a9929c7be1b4b9e591024965be484d
realm-realm-java;dee75e4a2df27e0947844da43c0820525ecdacba
realm-realm-java;e1da885c6dd51ca906c0fdae752a0b08c5ec949f
realm-realm-java;e24c90a22c4c424a59d022b0d4715bef9b20961c
realm-realm-java;e8ecfb5de593bd64da186073101334575a519854
realm-realm-java;eb3fedb8621b64fdad5e265e1156dd97f6b2f0d9
realm-realm-java;ee0ff6991abc3166234cccf45281078b57dd0c23
realm-realm-java;efbbe39c7d482987c4cf7fb2e39dc28d2b492039
realm-realm-java;f167144f2793221f64705e65e0f5e680efe77769
realm-realm-java;f3d83ee5a28760f4564b9ad90ded595c7b669cf6
realm-realm-java;f56419c00760bf6baf015c4c0ea76a6889933b55
realm-realm-java;f7b6a0127b484a9522b0671dbdbcd0537296f31e
realm-realm-java;fbea1a248dc7bae6ce94ffbdce08b0594e0d089e
realm-realm-java;fd073da09b76a8c249b7307ca5c1dc32aed8daf5
realm-realm-java;ff35749fcfb148dd431ee2d463608f0cb448403d
realm-realm-java;ff919168d6c57a67f57ae00131ce9a35787ad1a3
spring-projects-spring-boot;008f2a88747cb7d27967f0bbdaf194c251e2b201
spring-projects-spring-boot;00ae6ff9e26dd6dc91c16e8eed8e12de347b8717
spring-projects-spring-boot;077cfecee5b7fb2f16610b5d3b1daec1e5905aea
spring-projects-spring-boot;098392d77a4e65e62328ea4977ab040f7c461780
spring-projects-spring-boot;09d5812c3b29bc6e466fc4d5d9a595855d85f655
spring-projects-spring-boot;0a124536dfc10ec18acdd0de88523bbc80da90b4
spring-projects-spring-boot;0d6c197c39047146a7889a12eb9a124941a9f5fe
spring-projects-spring-boot;13d96017998188572b2ca220beeefd2c160c155e
spring-projects-spring-boot;17fde264e219ded7b73d39308f37ce13779f98a9
spring-projects-spring-boot;18c65f6e6387ccacc7ba0ffe77f544093e4d0fb8
spring-projects-spring-boot;1d4f38e4408ebcfee01cec1c287473a73ddf1158
spring-projects-spring-boot;1f9515cd311d0a619563f84351c1a675ca1264f0
spring-projects-spring-boot;2262a3baa7759a92e58d3ff20951550ee229e7e4
spring-projects-spring-boot;237defaf183dd37e14137e5116ab5c78875f0254
spring-projects-spring-boot;2665ef06924cd82fbc18e64390314083019c6679
spring-projects-spring-boot;269398f745e58d6f2eb9f930593838d3994c879b
spring-projects-spring-boot;30791599a5c61e7d9e85607ba24587a4a50d2d4d
spring-projects-spring-boot;30f24eac0a1ff07fee6a78d3606c9bf4f1264151
spring-projects-spring-boot;31d7ebc96e68c4da08c49e5eda6ce2f64d1a1e00
spring-projects-spring-boot;3444ebbc05b99a164474c14d6a6784f749514428
spring-projects-spring-boot;34e3e3c8206d7cee8b3c3ddf1761183942157354
spring-projects-spring-boot;36ffad2bb7053f331ae8c98ea6647d02e6702f3f
spring-projects-spring-boot;373cf83f99ea113cbb483ca31597b980188c4502
spring-projects-spring-boot;37fa3a3b047a3f3b845921e707eb847d7d23cf38
spring-projects-spring-boot;40d7927aaddc53bf148d04b672cb151120c0c951
spring-projects-spring-boot;4187b5d8fb8d27597ca3cdc4da19e99a07c697fc
spring-projects-spring-boot;41a6fa9335ab672c61a7643482768c7fbe74cb71
spring-projects-spring-boot;422f3d12a3ea647651e4da143e83b105b527dbaf
spring-projects-spring-boot;44a708ea5cbb84245dae2e9b80eef02e6e8edd8c
spring-projects-spring-boot;466ed469ebceeb40a0e907700424931f95dfc435
spring-projects-spring-boot;4c39073d2a19e9b7b7dac46ecbe14d7bbd3fc79f
spring-projects-spring-boot;4d208c7717c9a6c836cad438bcdb85be52c2bccc
spring-projects-spring-boot;544bc64d64b0df71aef6dfcf7b5c71dcb2b9f3f1
spring-projects-spring-boot;56146f0ea01661acc1cc3bc1d9e99285e31d6e50
spring-projects-spring-boot;565e449d899180a452c20387592a60fa43df3a2b
spring-projects-spring-boot;59e119eb9a23a127aafca563361f78ec7770fee4
spring-projects-spring-boot;5c19d3bff3405c8ab305885fd0134401319d48c8
spring-projects-spring-boot;5c1f700c3a19d209c4dbb84a3b597409462732f1
spring-projects-spring-boot;636cc5424f952e2aae5fe228cbaecadad540a648
spring-projects-spring-boot;63a3d003ddc37ff732b69ebaa2767f753e8513fe
spring-projects-spring-boot;6575b31fb141fc843e64210bf9bbb99e46bda352
spring-projects-spring-boot;6575ca6ff8b0a9ff460b3cf475b6870f2086362f
spring-projects-spring-boot;68040c952f29640fcd3b9cad33cd816cb602e38c
spring-projects-spring-boot;6a291777da1b65f4132bd0bd30eedd55cb9825d8
spring-projects-spring-boot;6a6ae64aac059e8f46ee210859955b615e58c56d
spring-projects-spring-boot;6aefd20c55fcd8b2e88c8ab520b2f8f36a34c3b1
spring-projects-spring-boot;6c21ba11da9dc8a67596715cf2fb86f841293e62
spring-projects-spring-boot;6d880cf7f8fe6ff27a8e2b0554731005938210bf
spring-projects-spring-boot;6efa2d5315400c558633ca95529a524a6544d412
spring-projects-spring-boot;6fdcdd888b8e7566a7049d57e9ddc93e0717d23b
spring-projects-spring-boot;701bb6ee0a1207640a9c1be2966830f00502bfba
spring-projects-spring-boot;72854745c500b236c3719cee6307d8aa8ab9491d
spring-projects-spring-boot;733e12e21579fafef70253c32307864d2546c8fe
spring-projects-spring-boot;76ca00fa0df5cb9de04e1b86fd5b742f31505ba4
spring-projects-spring-boot;779649bfdbfb2de62eb76e0318b567fecd46daf8
spring-projects-spring-boot;7dbe0474b9308c71e0107ebd7b7094876821e4cb
spring-projects-spring-boot;7dd6ae76c681148bd96071dd421ce18a56ff9ebd
spring-projects-spring-boot;812f8c811067a644dd55f24b630b125c9fca789d
spring-projects-spring-boot;898250431a1b09e3f041aab2870321cfe96816f3
spring-projects-spring-boot;8b9c38085afd4a32d0cd0c6bcf0b9a1998681cb2
spring-projects-spring-boot;9065ddd857773d89f0de931afc0c3ec65d948774
spring-projects-spring-boot;92702b4cd48a388e464ced3ce9fc68c58a754cce
spring-projects-spring-boot;93a7dc21da56730922ac8e5037a674e33f2d5d61
spring-projects-spring-boot;9aa445bf4601fdcf1bd3827351b4154f2cfc1d64
spring-projects-spring-boot;a234292f7641bf3e038de3035b9b25c92374be8d
spring-projects-spring-boot;a69cd36dbcae423d6f652b8db9045b513fee8350
spring-projects-spring-boot;b0bfc11aa00ce13b3456cb7eef376df135192e24
spring-projects-spring-boot;b159bb8af8d29668270bfa8975a58a9d75a1ca32
spring-projects-spring-boot;b27d66feddf905016395f33fbd326d7b24c41707
spring-projects-spring-boot;b2f1355e7487c431013d356c45054d9e58181f19
spring-projects-spring-boot;b586bce3b7d7667769d831d39e1098adb7ac1d33
spring-projects-spring-boot;b81c6398d791a1fa0d30cc273a166ddbe29b834a
spring-projects-spring-boot;ba2ea301f1cc7df7104293bcdf567416c1fda4bb
spring-projects-spring-boot;bbee66bac9c19356ec35b36be1cc6b94d2d164fe
spring-projects-spring-boot;bdc395f16e6c2a593c80144a0aee5b3293fdd9e5
spring-projects-spring-boot;bdd61b8ec28030061902fdee40592ef7ea93ff23
spring-projects-spring-boot;bec5e96b946d8eaa359eaf64c57ecf56041ac159
spring-projects-spring-boot;c7455040dff24273b17a21dcc34f0e1592f6637a
spring-projects-spring-boot;cc2f6f4b9c271b9db55b4b9c2ca8bf20a72bf666
spring-projects-spring-boot;ce68fdf5158dcd33203e9c0f99f860a73c24bc52
spring-projects-spring-boot;d0231d0dbe32566a977321608283e2ab1d3d2aae
spring-projects-spring-boot;d1a487333da44c15fffe40c6d137daf32eb3a57e
spring-projects-spring-boot;d26ecbef04e73c63494e3a6b8df99ea92041a228
spring-projects-spring-boot;d554aa34b6b7729aa8e07d6a2edbbabc165eed76
spring-projects-spring-boot;d66bc7b1eec8b51253f9a67c5b864166426da151
spring-projects-spring-boot;e22ae39b3593688d59ddc0867e1fdffbf5287ca6
spring-projects-spring-boot;e8b28796d95ef2bc889a46eba03856ad7a6f5ef8
spring-projects-spring-boot;e8e89f37383f7786f3c3c11d603f8ec3628b8743
spring-projects-spring-boot;e992d389e716fc4f2f39db46c2b720c44b23ed39
spring-projects-spring-boot;eb7b1ec33c29b543ca22f82f683b4b383bcaa860
spring-projects-spring-boot;f019fb217d92c080eacd12080bcb3284de0532fa
spring-projects-spring-boot;f369a722647f86235f241bb8291eafb8c8e652b6
spring-projects-spring-boot;f5edd53d86dca5072adef36525ea4b2e5b3dc0c7
spring-projects-spring-boot;f7fb470f29cb5c4d04104ead8db1864d3bbeebec
spring-projects-spring-boot;fc9b160a723b68222c9eb8d26803542568bc63d9
spring-projects-spring-boot;fd1cbed51cc250b6f6ae99857b78fe4c21655550
spring-projects-spring-boot;ffc5d565c859d29f11d7ea9b314453ace11fb792
spring-projects-spring-framework;01d1e71d66386d2c6124e9b739a8e923e46d83e5
spring-projects-spring-framework;026ee846c7d14474be7bfe45deb0deff90a4ed1a
spring-projects-spring-framework;03f3bf09d63c1ee9cfbce54bb20696d06fed49b0
spring-projects-spring-framework;0ad59ddb7ad27fec39e782e5e33549cb3d864bba
spring-projects-spring-framework;0dba70fe15ec4bf54f727f28162822eab1d9a463
spring-projects-spring-framework;0ed9cb23022537c79aed1b9928e97fb26e67efdc
spring-projects-spring-framework;0ef0ff60f0b08b521ddc8fc093b38d7c9eb98326
spring-projects-spring-framework;151530b93b56cc714690ea8be6ed61dd620b2343
spring-projects-spring-framework;171b35815eedac27aefdbbe014663643ea15197d
spring-projects-spring-framework;18db77da7c6959064513a430473f46ad90265a0c
spring-projects-spring-framework;191b829a6c2a934b199da14a404152abd9a31a91
spring-projects-spring-framework;2689751c2b9f66d06552581941fcba3b60197c4a
spring-projects-spring-framework;2e7e98248724f5f4fc054617765053e7d7b978cd
spring-projects-spring-framework;31c07dbfa435f1ac47c73315ec8999b65ec34d32
spring-projects-spring-framework;3231f458c8c2612825f65ffb9f078792af37acc5
spring-projects-spring-framework;3252cb5a0fe1874b548857f0150d9cbbfd343108
spring-projects-spring-framework;34bcdcfe85ecae7fba641ffc74f6240a4579b0b5
spring-projects-spring-framework;3f1fb4eeead221ec51c5ef80fac297cb38891580
spring-projects-spring-framework;3fbcebb82e232ee080860a84b43e08bf4b27d5fd
spring-projects-spring-framework;439b64069a8ba48cce96b27cec757b5c79130f7b
spring-projects-spring-framework;4d3ade563ad47be0900f83927b624d3100c4cc06
spring-projects-spring-framework;4d4d2e2966386e452d7744e5f86311955f51fccd
spring-projects-spring-framework;55a05744f75cd1c8fe712c871d82e034a8ad3863
spring-projects-spring-framework;57dfc13f307cb049b4eef1e0d3d0616ba229f8db
spring-projects-spring-framework;598b125bb2c48d7834adc1ba8128a986c2372c95
spring-projects-spring-framework;6151e6d12a1cc92fc88bdfc6d49a2291954c5c6f
spring-projects-spring-framework;61a1c4d0c6124e75af95250a15a2d74187485bb1
spring-projects-spring-framework;6407caac8f5b2b6510cf7aa2be8552bfce5ea971
spring-projects-spring-framework;6937eea48a359cb56873d292199ae09d43c65eec
spring-projects-spring-framework;6a162d488a92428110437f1034bfc08e0f1a77ce
spring-projects-spring-framework;72fae2ea1930c5c0d004220895bf890abcfecde4
spring-projects-spring-framework;744e1ed203676908de3b7495f61cba854c85d03d
spring-projects-spring-framework;8432c62b50e608eb1dea38fc4fa8f8955a2bceef
spring-projects-spring-framework;8610c0bce8842d4467249e66d2bbaf928d6db2ad
spring-projects-spring-framework;8b4ad4575c2a44c3ee40f2af14f3ccc78cfbdb8b
spring-projects-spring-framework;8fb592712c1538411989f5b218dc06184617073b
spring-projects-spring-framework;92c1751d356456cadc7703d1efc1767b80ebd82a
spring-projects-spring-framework;930d187723c48eaca0a2ff608b8467e6732e56e6
spring-projects-spring-framework;9735c8024cc7adf856fc6ba0dd01a197b11fa603
spring-projects-spring-framework;985cb9df11ab56106d953d451ab07489d4d1bf09
spring-projects-spring-framework;a1851845add6099b3190e94dc02d38f7b18da678
spring-projects-spring-framework;a399b13354e9e814702ef0612552aedd35918493
spring-projects-spring-framework;a60b34fd9eed26c852bfed93d2d108a863cce011
spring-projects-spring-framework;adb502a0dee1ae6f53e74eb5eb7c5c085558bcf6
spring-projects-spring-framework;b04009357a32d7b35b95ab2019489188794013c9
spring-projects-spring-framework;b78a8a412dd7bd3b2a81b18eb523e978b0143bd8
spring-projects-spring-framework;b7f589547d7abf8a737cd2f2f2c0d512b2bd78d7
spring-projects-spring-framework;b8f712621d56b2d862338a34d52839583dc1a80a
spring-projects-spring-framework;c4f79bb997bae6a3db2e2a58919d5c28e483da9b
spring-projects-spring-framework;c81754fa519e6ce533b82a504929843f447b5f5e
spring-projects-spring-framework;c9ab18e7e797e6f9c8e17a74125391672b3412b5
spring-projects-spring-framework;cbf6991d47191ac38cbe213acc1e0e338d46379d
spring-projects-spring-framework;cd13b4882c95ad7150be4c5212d8370f5d1a94a5
spring-projects-spring-framework;d4fdad2202a16e2df11aefa2632b781ecef020ea
spring-projects-spring-framework;d6700b7a108ed2f0594e94e7b1575cf7a464e591
spring-projects-spring-framework;e014608e992fc5c0c34533be635a2c1881dd0ac7
spring-projects-spring-framework;e72c49f4cf87c103113e86be55b17200d6321d26
spring-projects-spring-framework;e756ef5923a1b7d9c9d04b523a38e3522e4d2993
spring-projects-spring-framework;eaf3a7cec49e3a6e8ed828dbb69b9a9b007b0b39
spring-projects-spring-framework;f60bd2566685d8af19267b78e2a541d58ba5f3eb
spring-projects-spring-framework;ff83255acec9a051e4bf6d5499f7cd9d4d5d0465
square-dagger;1141ed83dc75f6965f6030c6af8d027030909220
square-dagger;17a628943968b507b1aa8c0eb91c0a793d9783f4
square-dagger;190c97be7e618d80c826fcd9a78027fb02410dc1
square-dagger;1faddd74d74b06df51da3d2280cdb57e187774ac
square-dagger;2ec1318d0e57259ae121e2cb50c52cd0a3a9f83e
square-dagger;305fa13802cc64d16a701f4c5ad7d347f38f96a2
square-dagger;30fdc638eceac6d250268e0187a29bc24cab6f05
square-dagger;37eeac685d8d9b22962512844b7ece94f68ce568
square-dagger;3f834104a10d21f890c0a86342ee6f549ece7e12
square-dagger;49040ad02fba32823c6ae62c5feedc56f9ce186b
square-dagger;4a6ebe31a123da7cf75290dbed5dd5fa9444e8f3
square-dagger;4b49b6461cd658a638656e454609b74c2acdd262
square-dagger;501fa31a9fe02586e4b2918e55ad37d0f02db0d1
square-dagger;570ff1e21384cfc67db7ed1a10220819e5107ce0
square-dagger;58e9880d3037fcbefd7923988ee0820a705de971
square-dagger;6f0d7828c2d2e3e9a2c22ce996f26d0784b02966
square-dagger;75bc309d007fb7910af62bd7cf874449feab23f8
square-dagger;87ccc75bd6cb209ae8ce3832c9fc06e5b80a85c2
square-dagger;9964aed06e565a852fe21cfea0435f4b89e5c55d
square-dagger;9fb5411a88e78d3c766b77fc0daccd1192b87014
square-dagger;bd4c13ec6102dfeb64a4885d39023191a95635f9
square-dagger;c1c7d6ba3d1d8b95096ef705a91713a817b2fff7
square-dagger;cfefb68017761cec17bc9a69813605a1e13501ee
square-dagger;d191d44c2426051bbe00bd313883ee4acc92c7cd
square-dagger;d1af23df9b3529071e1e0efe43d1313de94b3245
square-dagger;db20def1eba984409afec7d47cdb0e2831eac1a7
square-dagger;db94c28e888b7aa548d4cf40a2714386c8739d78
square-dagger;e7d79d02e94ea45af638ee056506f06922f622a1
square-dagger;e9a7f7a17ebcd21578837496e98508aa83629224
square-dagger;e9c8e9a1b6f0b7f24f7ac7f638e9eab74607b4db
square-dagger;eb0f774e647d75f371d3f2efd48be3a53bccc164
square-dagger;ed48d58543274cd1914a17c28864782a51f02b9d
square-leakcanary;37cb2b7f3cb05bb0ac916d1cb308f9ba2c177472
square-leakcanary;3d1f524b2fcabfdfd7647de6f27ed8735ad48ade
square-leakcanary;59e73afe14b61d13b5248811738f27ca2eaece37
square-leakcanary;664bfc43e7b7f48ff3e5f504a61eea0d4113e4d4
square-leakcanary;f4a00761a400f56e7aded0f1d7826ddfeeb129a4
square-leakcanary;fdb230b74b516ae59500addc49ae18625d863f26
square-okhttp;01ca44b8309429324c7a962e114214014587e78c
square-okhttp;03d1bbab5299f85559d23f8517a30cd2347c91d2
square-okhttp;04bd1ad5a68647fff2857699d023390f4b029422
square-okhttp;050eb79163c2ab185461baf9cdb307cfb7d26a91
square-okhttp;051715f97a4f8766839735048c9ca9c7cd9402fa
square-okhttp;0537eedd5d0223bfa08998f85a865a22b192c61d
square-okhttp;0693302fca5bc23654bec3a12ef3878992f9c7cb
square-okhttp;087560ee25a3c0f61680539b74c842c902eebf1e
square-okhttp;08b68ac717f54748be430574ef2f5c7c55700f46
square-okhttp;09264ca41ca5a0e79b2b9849a93ea7770210eab9
square-okhttp;09d83463a8ed0956174db85cd80b9464ee7420ae
square-okhttp;0a26d85a55a4b2bfe1c6cd5f42d4e973fc221ca3
square-okhttp;0bfb878783c051ba15e4ef51c341c02ceed643f7
square-okhttp;0c1851710e1420b551c9532f9d05b3794cd808e3
square-okhttp;125df557fbeb9c77eb17872acac2eb156428d2ed
square-okhttp;1276752a055d3e0cb34e71545c105252cefc1448
square-okhttp;16bc428e2607717a08ce84263b6912e408a78ae8
square-okhttp;16e2b0dcad08b6d45da4b235f320a9003e403308
square-okhttp;18389760910cf1f53bdca98893b2608c238caabc
square-okhttp;18dfd08aeb50e02da7d3af2723d6ce81bae2502b
square-okhttp;1b25214f59eefa81d40a529fceb85666947937cd
square-okhttp;1c71c9059396fdd10c0cf626c841f7b39fbbf792
square-okhttp;1e5f3a967977db513585ed8f350a65ab3175e9ce
square-okhttp;20140314299c0e0266f480c84fad4f2a47e36d62
square-okhttp;2069e159efdead010e76cb61f2be961c26a042f3
square-okhttp;2089b654a26fc2805b1389dbda9ef766ad484a24
square-okhttp;20a27d8163973fd575823ca19f08d8a004ec0bcb
square-okhttp;2199e99e9ee420df50d841ceb4473a2efdf18800
square-okhttp;21e9c8398867f983e8c3cf29c6382690c1e4785d
square-okhttp;2267888d365db3462c7d59eb16ad33953554953d
square-okhttp;23774087dbf9876454aa7a6cd3828bc06043bf26
square-okhttp;23d0b8349aa9e33ec460362cbf4f378dca5bc07e
square-okhttp;24b6957992d0051fdb88fca008028296168f26c2
square-okhttp;277fa12c5ef07be2502aad54b94e13c6db7a853a
square-okhttp;2a5b9562d298193f8950fc185bd2fa1d9dba57f6
square-okhttp;2b4ce3e6b7cb6e2486d6ec76e0118111dfbc036d
square-okhttp;2c6be53791a3e607df79d431cf338baab94eed3d
square-okhttp;2cf38851d2bbb3c07c25e64faeecb41f6e2466be
square-okhttp;2dd62d46cb067a1787dc7b10689b703bcc2a85a7
square-okhttp;311c566c299f91453f99f1ec73a63ea6b5671aea
square-okhttp;31a6ba1d598694dc6199aa1fa023418d983c50f6
square-okhttp;326a4b565f0eb15c189754c29fc735b79a0c8835
square-okhttp;32c75ea09fcb538c816be982aca3eebf9493cbd2
square-okhttp;34ea44bc1d8fba429fd850df14adcda16251cf6c
square-okhttp;3598913336b14fd9069ae79802898a2830e58db7
square-okhttp;3ed1e2a744b5c5d75c20fa49552f7c159dd9d30a
square-okhttp;3f282e8bf0b8af519cbf35833fdcf69d824661fc
square-okhttp;41a600eee4fcbd9c50a6d92c9b50bb88369a83e3
square-okhttp;41fa9a4a954bc8abf43628ceb7d4eeb701ed991a
square-okhttp;429fb3a299a75a4e3cf26e54622d745c83b6b74c
square-okhttp;43463c019c214364d6775e703bd7586ca24f60b9
square-okhttp;456801be748a32fec2175bcdc71caec3d5c57dea
square-okhttp;470c7f59861bd753db8593a161bf19ba3cf961c0
square-okhttp;48831a91771651a692a3e710b9e9250aafa16f79
square-okhttp;48ff30b4289e39b400a2503383cea5bd0d5362fd
square-okhttp;4950e75a5bfd8c71a1332d469f1fd05f37262286
square-okhttp;496802c75873a204d8b648ad03731354ebc5ddd2
square-okhttp;497bedce262b2d0bc291506d1d0b8d343fefb044
square-okhttp;4b6d6db2e91e6398d2c5fc602b76174ab29dcec2
square-okhttp;4caed5ca3b9567d80debc7c808e3c437764f0f82
square-okhttp;4ea4aa429a5107aaf82398e7f4de758b903d7084
square-okhttp;510af4e491775fe3ca70c244ed9711d674d0c2de
square-okhttp;5381c6d2ff9fba050e9a4589ec2b50d49f536eaf
square-okhttp;54439c261a78522dfef542b02dc8e0eb6a66c8d8
square-okhttp;595b9a750cd798a464f1202f536982268c20dbc9
square-okhttp;5a9c9a1687d6469092d86b776ecacb74964319e0
square-okhttp;5b0f6d9be5d730dca04138fafd330b76de4f2678
square-okhttp;5f15e623d51f6b2e715112e56d3591a8519db335
square-okhttp;5f44ca768e0ce146896e375fd2658585e6bcca8e
square-okhttp;611b00530b16207758b25e646daf4c31aec5675d
square-okhttp;621d270207adcfcf0560bb01c39a2915e0f557e8
square-okhttp;625909bcd003a776ff9eaaa05ee36fdd38246454
square-okhttp;65423ac015ebe60f0ba047903fb7061c84e37178
square-okhttp;6579f9d97460613c429df6083f2d6c21afdf4123
square-okhttp;6597405511ab6058146de1053ffe7f27832dbf8e
square-okhttp;668721f7dacf2f2d0d7c1a681b57d3157eb275d1
square-okhttp;6741a8f51fc87ae242eeb116dc93395fdbbf5ebd
square-okhttp;6763803c3db5be1231eedc5927bd6d0a354f21d6
square-okhttp;6b06059b273c4b5975feab66bc66ba645a119e83
square-okhttp;6c86d9ad8026b551a218b99f9da80b058c209602
square-okhttp;6dff9f5630f6b7aa0b3442d195921c5dbfd1110f
square-okhttp;7000edd2b827545f1c0d9189d9a24b6d7be0826b
square-okhttp;743ae0cbbae97b26a782bd6dd5b9eb2920cb97a0
square-okhttp;76258cab6c89fc10bca9de0d517e84b1b8cd95d6
square-okhttp;76d3637d47571f2d93f846b267381074c2a5c7de
square-okhttp;7756c4e4fe1cd703cff07d218da2fecb30f916c6
square-okhttp;78c493e337ff138a45050c98173b4adaefe3c1f4
square-okhttp;7ad0a8dcb59b12fb4d1853200d518223f328d0b1
square-okhttp;7b35a0d86cdadac706e24525edd64c8e0b3c694f
square-okhttp;7c26ec5bfad8457437fc76e46eabf57dc81e899a
square-okhttp;7cf6363662c7793c7694c8da0641be0508e04241
square-okhttp;7d49f7769385941e1d2f7e27e93bf8d1b38ceb3f
square-okhttp;80ab4a3761cecd9da0a623d62585195f32ed05ff
square-okhttp;8161318f2f8e3defaa7a41771a4ef6e9e4017221
square-okhttp;828206ccc34d547ba75ee7e26143d76c4329a643
square-okhttp;837dc04dbef627e734e369e29ccdce7a6178537d
square-okhttp;83de4eb552994d30451f8a3481b5a00d6b457a2e
square-okhttp;85310b1f88e082a244043be36aac49772677f052
square-okhttp;853a579b1a4f09bc96b6252c00c944acbbe86911
square-okhttp;85a3e9bfc58040c9ffb2ee906b39702bb26a84a5
square-okhttp;860d3a5242c1db1a6398acb024a9c22fdcb505b7
square-okhttp;8720ab420f4433a08a9d4fcabba1b42287a8404b
square-okhttp;8858ca8aba466201a49a169060376ddc5534118f
square-okhttp;88aad09806168b010e2a58aa272a8bd5363f249b
square-okhttp;8a79b6cdcce89d0b5733753d04b8b53e4dc53828
square-okhttp;8a9b9e7830a069f7a587795048fb8c5e07bce42f
square-okhttp;8be66466354ef0d663c3a5f59489a7245f050b28
square-okhttp;8c281b2fc782bf6473ff37e078804d9579225961
square-okhttp;8e0b862667dc8bb027a5b38f109f883b68631485
square-okhttp;8e45865c13c21a5ad75a9a7ce3eb3452e3f12c1d
square-okhttp;937bedf91995ead193beeb94178143f694aead21
square-okhttp;9920c57e7a8c0d49ec2732be899b3e27c215854a
square-okhttp;992dd934f061a21f8a802ed8fd8d99b75047dba8
square-okhttp;99a8dae9433b18c522dcb3eb7d5dd2a90bf36096
square-okhttp;9ecff8f961c321098c2598097fb5289e968ef1ac
square-okhttp;a2e10166e049bb4dbe2d6ff0cdee6fbcf854c08a
square-okhttp;a33f3d4e9b7b716888726a4df8c6a412426cc449
square-okhttp;a3440ba59e5cfe2c94001092d8b11e63ccf253b1
square-okhttp;a3db2d7239a8cb25ffc437920e3974a5a2c39fb0
square-okhttp;a40fb205448ff333c000ca14b992ede4ec51888d
square-okhttp;a52c510810f896fcafa78033b29148b49c7db7ca
square-okhttp;a64621dd14b218b8ac93453c078001ddde7598d1
square-okhttp;a6d63eb816b29d6f1a9a26f1bd8a4d3439ad1ad2
square-okhttp;aa84d51fb255d2cc672dc36ea297287746dec4d8
square-okhttp;ac584820ea09515538da4112fedf324358da7952
square-okhttp;acccc681f4156695885486ab03e9502fd20ad202
square-okhttp;afbcd979827f93d3c503cb4455c4804e5a5d8a8d
square-okhttp;b0ed4b34ec3a9ae8f8b6cc56a4f7e73a722b0c65
square-okhttp;b262f2a03001cd990568b929b2739dd3c7adb75f
square-okhttp;b26ad3e01ef2a7200f44bc309f6df852003e6992
square-okhttp;b43f442c3dde4c2525b1627876d92ef937b62d9a
square-okhttp;b45c7c868824efc42bd88b1ecd97d7a2536c2485
square-okhttp;b4a9de148766daf970ec38564156f95b3830e16c
square-okhttp;b50c9c6540dc7c866c252a1794394d03c9f3e4e9
square-okhttp;b8f3a455ebcff01f7527f7ac0ef7202542335eed
square-okhttp;bff93ffe62999a03507909f32926aa1ed44086ad
square-okhttp;c0077904116875f23b5b3c76ca27b3f6142d3d09
square-okhttp;c029803933171a7df3c14171fa0b698cea58ef9e
square-okhttp;c08da4aa82314e781eeec6354cb0802b39973460
square-okhttp;c2f5b4728d24ddbd9bf7d9a9487fb459aca2c560
square-okhttp;c37a7935738e93422bfb1f7d0d52519af5da1489
square-okhttp;c40cb632ffce9b80c244a541c3b612ea4d4716b6
square-okhttp;c4aebcd0289dae72c9ccd4e7adf23ebacaacf6e3
square-okhttp;c5a270e624c37e060c1c4e864b3aeccc254754c9
square-okhttp;c5f94496924bd02397aa62d9340d98b8b50edc1c
square-okhttp;c6386cec99ffc9fba569d3d77e9f2df9044089d0
square-okhttp;c7c1d2605a787f5f63ae32e44d0d5177d0c8e3c4
square-okhttp;c925d3db6d372dfef67c56478703a82ca6c21a63
square-okhttp;c9cc8365694e3efbf8eca82f6e08cde0ab7a466f
square-okhttp;cdc7a33c3cfc1751c3985d2c8d9cc83c516a3f33
square-okhttp;ce76caedda03789463439f8f798528cd15db5a52
square-okhttp;cf4b0192adeadc7d867a69156e25d2c86ca789e7
square-okhttp;cfd1867390523ab63bedd75a3809881a8c2efae2
square-okhttp;d00778c8cf5182fb8670bb4b939f17195103cc55
square-okhttp;d02c685a28ecdee6ffe76a9189d06efd2b3ce588
square-okhttp;d10c20a7eba3d2182193e3a1a8342549833f927a
square-okhttp;d1768cb499e9d1bd48622dd0529329bc6330438c
square-okhttp;d2f4f21654e407ecb5333a403564d272239486f6
square-okhttp;d312d8c501e36a7d0805e8044196e37391d86e74
square-okhttp;d4a02682bf25fb898850aae94d22e0510a52e100
square-okhttp;d512ec431b4c042c52142038f19a5e8b0324f261
square-okhttp;d53dae207e05a8fde2dba3847b997a00410cad6b
square-okhttp;db9c2db40b0b89a1853715fd52e2748463d9cc9c
square-okhttp;dd82416bc5b6c45d4aeecd6acdc0f178eb4ac841
square-okhttp;ddbf23693a13ca743acb8acd844b73822e13fdd3
square-okhttp;de6d505c03419a53e0387802a6cc2196572dd99e
square-okhttp;de84b282e8b420c44954058d76d30554326c8bbf
square-okhttp;e0d34ebdd7aba18149d195804075a87b97f3c02d
square-okhttp;e138eb73a0b94c81043c61a873264403fae47892
square-okhttp;e2f5b474ae8efc7d28bf8b25e7685e8d4b9c9f65
square-okhttp;e364ccf27c5ac08b52760c57d24ae9e7a71e7356
square-okhttp;e3bdda06cad22f23013cb02ba5c678e7a6c0fcd4
square-okhttp;e444deddd9683fc2fd586c889d9352c35089504d
square-okhttp;e5b7409664a8ead09b5b5e4f861ff4f1a99cc0de
square-okhttp;e65221c5431902f0689d093ac88cb787eb1372c2
square-okhttp;e6aee715825781f3287faf7e3e35847d30e0d7fe
square-okhttp;eaf806a1be857d01d44c09efc6f7dd7b18c0be09
square-okhttp;ebae67db861bdea159e418778435957cba46941b
square-okhttp;ee3114d07c9ca89a00f4c1028b70fc2fab184301
square-okhttp;ef4a8e661bff9be1070c76cedb4d8853ef13c8a6
square-okhttp;f1eacbff7ec5912d041184e1b35aa4e5468ea4ba
square-okhttp;f1f975bf4be6995821f6ecabd19820e5757691c6
square-okhttp;f2d3e0f92cca2224be01f689d09b390f1ef88410
square-okhttp;f3529652aa4e130840e48e2081cdeebbd6c6fb91
square-okhttp;f3d956e25ba79564d6c8250b4ff767782f8bb894
square-okhttp;f4c83e8eb86ac4afb224f91cd68bd9650351fe64
square-okhttp;f83688962cb8fd25675f83453482a1555e883586
square-okhttp;fc9f0ed5921ab3a72fbda7adc2e2d9547d40d9e4
square-okhttp;fdafbbb934e0fffa34d246dc6a63c9c9509730d9
square-retrofit;05c6ee15834078e18da2bba80136d9cb446c2d60
square-retrofit;0d6f46f740529c89e9be6d4c037ce3e25cd0a6b0
square-retrofit;144defa42cb9d5099a0264fcd574e9c0902e7523
square-retrofit;18cb07d47f5c4b7fc7c814b0fa5b34abb1ae7f7d
square-retrofit;1d77c0c9ef977085c071d04fe81271f67d082e7f
square-retrofit;23034249f028253d6b53babaa1d7664b4f2d765f
square-retrofit;2f973d16b0f3438c7975902074c39ec5b3bff581
square-retrofit;3013029a00f37efc52ef7f6f3305288d031534b1
square-retrofit;36de10d7a2be6389516286e2f22bd5e1acaac087
square-retrofit;3c195a0cc0c95b82b59bf3f88f6eabed3eeb3621
square-retrofit;403573ab56ccf8b364d666b01129391cdccaa011
square-retrofit;414f27419e5daffdf6a2e88ef6a122eab983f6ea
square-retrofit;4f3798e6e8dfa09d5327f72f13d31a16680ed50a
square-retrofit;53bcdff8c39be9c7b3d8eced9f8bdabc53d2dc96
square-retrofit;5836ee907d40553573bee6f7d463961f51c06bc4
square-retrofit;5fecbc6381f538658a63e9675449467f27170ea2
square-retrofit;6101f407072f63828a656e4c2da4c112b5eca356
square-retrofit;68f649bfec3fd3c51af9e016edc4fe4ecd8ac460
square-retrofit;6ca198487313be7fbccd9480917e290d56df819e
square-retrofit;6d5208563cbe5042388ed0654f976b69dff04609
square-retrofit;6e29d07cce87748d0fc78b49c2a2ffba7f0bb94e
square-retrofit;6eb9a8a58b8f4e5861e65a3528b1b739e5fbd461
square-retrofit;6fab660f44e842a0e32eada5203b1fb0b81e1a82
square-retrofit;73db452374ab949c69d60cc66872fa07d751b000
square-retrofit;78490b08d81a61905510c14702c1f31a19724282
square-retrofit;866a602630770e212ef42e0dc6f19867c853330d
square-retrofit;87dd2c684b91502607d93878ffb55f1766d0f27a
square-retrofit;8ac2687af226f6694bc784434adaaea695d714e1
square-retrofit;8fbbb78962d0de0bdbdb5f7b75cbf94641d667c0
square-retrofit;909c8f818fc3037ab346a244bed2e89b82ba3648
square-retrofit;931a54e294d15c41df0f9d9c80ef07fcbd59c152
square-retrofit;97970a19d26fb16582b851d4738c0579c937f46c
square-retrofit;9b0cc00cd6198a42974f8c3683e165138632d2d0
square-retrofit;9f52aeb5ccaee92651fb3fcdce5c495d804aec88
square-retrofit;9fcb0d28a8d18f212532f1101023deedd4bf89cc
square-retrofit;a673f0767ef9a3312f63a3cc42e10f2e2acfc8c8
square-retrofit;a7755edc83d3907204093840a7c15d954120c926
square-retrofit;aa8b0e44f7645d838ecb261b9e177b9f926a3240
square-retrofit;ab1f9310813775ca1acb91ba07ae6ceb32ccf8f2
square-retrofit;b1dc27cb52903b298af02324f1df6468dac37945
square-retrofit;b4001c6892003af1968918aca5733fe32c7f543a
square-retrofit;b50cf58ecb62438abfa19be0f406b8e59d0d0476
square-retrofit;b57a3a40bb0bbb9f73b95d0ee1ef08d1110f26f7
square-retrofit;bfeaaa5c67c65fcad643d69ec552d811eafd05ea
square-retrofit;c30a8b43295dee48434d8dceacb764a2c09c7af6
square-retrofit;c555ce04d0ea4cff352c713b5bf074235a3e6f1c
square-retrofit;d0b3d5bb8b377a6bf682b28e23622db3da7e4785
square-retrofit;df1897db8d6bda4ca19dcce054ee2e0e45e01f4e
square-retrofit;ec6823d2f94ccb565987181618df4937bcfabd99
square-retrofit;f3cb3e8a10d7d35cbc1ac16024b28be2cdd803f8
square-retrofit;f4a47a4f36d9fa4de3d27a17bb9dd45571090f6c
square-retrofit;f50fee7284dc8aa3f9d73c2326d424182a186883
square-retrofit;f54d6ad8be61ffe53b578b54c52bf09aa86ad158
square-retrofit;fa3965fc27dbfaf0fcaf95ee30e991cc4825a493
