url,project_name,commit
https://github.com/apache/derby,apache_derby,cb2e1a468bef360b2c79ea4473264b12acb5e4a9
https://github.com/apache/derby,apache_derby,f839f5e0846aff81b0df35f8ecd01beda63477a0
https://github.com/apache/derby,apache_derby,eac036999fab0e9f9509022d833a1c99cad1b415
https://github.com/apache/derby,apache_derby,eb47bdba218ceb4eec74c63350cbf1c024352ac1
https://github.com/apache/derby,apache_derby,f7e090fc84b61e19fdb0937be92d6163ca567b74
https://github.com/apache/derby,apache_derby,582425f25314e4410860dfd37f7d12fda13532b5
https://github.com/apache/derby,apache_derby,f23a20f8957ac7998c4b6870611632dc22befd6b
https://github.com/apache/derby,apache_derby,3df869c3604b945e6be3d98d327196e285ed038b
https://github.com/apache/derby,apache_derby,59a5a70a2cd50033cca9474314c417148b5167a7
https://github.com/apache/derby,apache_derby,18fca03d61c186a8c9672cac6ae47cdc7ab3785e
https://github.com/apache/derby,apache_derby,7916398ba2799ba2c898ba9ae2db0c2d951198f9
https://github.com/apache/derby,apache_derby,10cc70bcc00febcc1aa0d6dcef2f959c4e930c64
https://github.com/apache/derby,apache_derby,cd727e77c437383a24a447963a8850e038b5d38e
https://github.com/apache/derby,apache_derby,78afc5bc0390fd46afa3934755e1b25affc66175
https://github.com/apache/derby,apache_derby,9c7c51284c3f9826a807a7c4a185a867900f3ace
https://github.com/apache/derby,apache_derby,e4ba4e13e5ff181f000cbb19be9e020c28d54393
https://github.com/apache/derby,apache_derby,2ecd63089a5d4bb3c8a5e4b1cb1376d07ac2f961
https://github.com/apache/derby,apache_derby,df88f639f729c25aa81e9f2642fa44277639164d
https://github.com/apache/derby,apache_derby,c700973f7bc62bf0d3137ff3e78851e6d4939f6a
https://github.com/apache/derby,apache_derby,444aa520e4a3394ded454ccc4e24962c2248570b
https://github.com/apache/derby,apache_derby,0787955aa8ff61c3cfcb1131f9c358e73a009eab
https://github.com/apache/derby,apache_derby,1c5e43e13ea1672ce3f08fa1fe67be933d1c8586
https://github.com/apache/derby,apache_derby,2e556fe3d03142a5e9ee48f7e0849e7d9d813049
https://github.com/apache/derby,apache_derby,6f2391f7d543d642dc522ccdd356af43d3711637
https://github.com/apache/derby,apache_derby,1f2a256dd2dd96ddf9df65acb81fba02922ffe21
https://github.com/apache/derby,apache_derby,411d1b70b8a72e08c34818dc734977e0a07b8872
https://github.com/apache/derby,apache_derby,3ecd2067e8627386c22f93ee11457acc759296a4
https://github.com/apache/derby,apache_derby,d5ef90671c5c1dd03ed00a755df797a0731a72bf
https://github.com/apache/derby,apache_derby,01217c2da76b308648ff3ab5fffb6a79ccb75468
https://github.com/apache/derby,apache_derby,31d80c00e8dbd862e1de2276ecb09006cd98846b
https://github.com/apache/derby,apache_derby,cdb51b5032c506e658b0162127de24c5ed7ce050
https://github.com/apache/derby,apache_derby,52625a509217bf1d5c3daadab9b7b9ba4c966ba8
https://github.com/apache/derby,apache_derby,8f75194d43c7104ad88b89ef82e0964decdc0e05
https://github.com/apache/derby,apache_derby,7af672657396eff71675d2c8ec87336e45a66a2a
https://github.com/apache/derby,apache_derby,dfdebd5e96171a9f62d40b07eb20500c3e95ecb6
https://github.com/apache/derby,apache_derby,6f4c92afbac066d443ee2aab2d75990a04412a22
https://github.com/apache/derby,apache_derby,17d490dca0ba4a7cadae450cab53809b72dcc42f
https://github.com/apache/derby,apache_derby,989263842f5cef931b198a0c5116287c03b6b3b8
https://github.com/apache/derby,apache_derby,70f769236e733023a3a5d87c225f93212ff0c3f7
https://github.com/apache/derby,apache_derby,b64ccfc49ee3b5d6e7572af4fed6b15ef86d2ba3
https://github.com/apache/derby,apache_derby,01c5d8991caf27fe58ea60994ff869a82956a01d
https://github.com/apache/derby,apache_derby,cb47a36e345e3625499ccd01be340d72dc4db37a
https://github.com/apache/derby,apache_derby,10b9cb1bcb36acc792275f1e9a28436dfb7cb71e
https://github.com/apache/derby,apache_derby,dfc6a7a03b4499fda193214af106778313c5ea89
https://github.com/apache/derby,apache_derby,5e883125d27efabb464aca297d0713f5a6ff8570
https://github.com/apache/derby,apache_derby,1a66a1aa7aa4b35e25f8fbb4ad49e38b7e98cba0
https://github.com/apache/derby,apache_derby,61aec235b373c74bd3615b86f7bf889feedb56e9
https://github.com/apache/derby,apache_derby,de0d25847053b657022d14a57d77ab4e6cb4a092
https://github.com/apache/derby,apache_derby,5698f98f4beebbb5a0fc9bc28b25966806cbdfed
https://github.com/apache/derby,apache_derby,977561c9de22d12b40a3a2f79a8df22ba7fc7752
https://github.com/apache/derby,apache_derby,b7730e4685c3907aaf98a88dfda163fdad9ad98b
https://github.com/apache/derby,apache_derby,27791253ba7569db40e97dafecc5323be97254a9
https://github.com/apache/derby,apache_derby,a9dbccec69ae05f29430fac4974e07b0d2ec6d1e
https://github.com/apache/derby,apache_derby,e4233337339d37eb4f7897b3ff084d8ceda28aed
https://github.com/apache/derby,apache_derby,660d73805a226d8e511cacd286dd2552c32a4192
https://github.com/apache/derby,apache_derby,32f71fea8b1d85d1625d6d29b37a4bb33b7cbfef
https://github.com/apache/derby,apache_derby,ed41c31ec8f2f3f78d2c7d85a93ec76401d1dbc8
https://github.com/apache/derby,apache_derby,bb7eb4d317a095bedf73ea4a7bba93b343f52279
https://github.com/apache/derby,apache_derby,7bac3b36120aac7fb08d5b81755f09b307a94ef7
https://github.com/apache/derby,apache_derby,6da3fc6af85bdc825de39ef23dc8960f3f646af7
https://github.com/apache/derby,apache_derby,97cf6942cdd4335cabf16aa787a00aac4a47cc62
https://github.com/apache/derby,apache_derby,ba50299972fc24579ad529a3658ab37373148d06
https://github.com/apache/derby,apache_derby,fe77ca5f4828833a331cc4890854c08ff51b03f9
https://github.com/apache/derby,apache_derby,97a8b1c7a5588e221447147cd0bab588dfbbe7db
https://github.com/apache/derby,apache_derby,a62e82e04888d507232c5975435dd9854d3527dd
https://github.com/apache/derby,apache_derby,f4d0cf75b0fddf8cca9a1d6dccf69cd0eb82bec8
https://github.com/apache/derby,apache_derby,4e6df7abe7f89cff46ea748624bf73858bdb08c9
https://github.com/apache/derby,apache_derby,c5114100266043487034293f0a71783af40809e2
https://github.com/apache/derby,apache_derby,d5061702c7644fa98090bdc4c4143298fef463df
https://github.com/apache/derby,apache_derby,c2a81618f53769b5ca92ccf3506fc1295253a600
https://github.com/apache/derby,apache_derby,609999f74dd887f883ce28c18d4f45a915b0dcf8
https://github.com/apache/derby,apache_derby,19c10b53afbede6fccbcbff66fc0f454aa5446dc
https://github.com/apache/derby,apache_derby,c10c4049001494ee064322f1fa406b03d0c9b04b
https://github.com/apache/derby,apache_derby,6e000cc9caeb748a08e05f05901449ec1f744e20
https://github.com/apache/derby,apache_derby,66f66a11e996d1dfbba76976fb37808093c59d3f
https://github.com/apache/derby,apache_derby,97cb351eeb1641673e8e0dd5e31915a06ec2e076
https://github.com/apache/derby,apache_derby,e48d46e785fd34232caaf630bc6e7d40609826c0
https://github.com/apache/derby,apache_derby,c58f84b5032158da6abbc5ea7f7dcc555c7d98cc
https://github.com/apache/derby,apache_derby,299b9e7b79f4eca7ae63a3f1ace3b3337a1a5e11
https://github.com/apache/derby,apache_derby,c5a71001e2d3bcba1ab131c71d29d4d8f5191723
https://github.com/apache/derby,apache_derby,8ee828b42616bd735d3df0803d12573bf97bb439
https://github.com/apache/derby,apache_derby,ff0d59fea9af0cb818ebbb0beccad56f32aa54ed
https://github.com/apache/derby,apache_derby,8ae64be14287f856def0e1ace34d3320174926a8
https://github.com/apache/derby,apache_derby,39f35f57b64321164dffd75ca8faac1b1c41238d
https://github.com/apache/derby,apache_derby,51c45b8b456860bbc2e43f919c3219dd2dcec6c6
https://github.com/apache/derby,apache_derby,5b9a6d9b25169da4e0ec7088795125c507ef66d5
https://github.com/apache/derby,apache_derby,8c26fb66b2a9359d8345ad6f7f8bcfdd9446144c
https://github.com/apache/derby,apache_derby,3af7c7ba715322c9fede0ac9ecd0264c9867dc3f
https://github.com/apache/derby,apache_derby,c05d2fc55bc6d4b836b778dd3ba73b2923a7b598
https://github.com/apache/derby,apache_derby,33776ff2617cb9f68e46ef9f10e755e7a44939de
https://github.com/apache/derby,apache_derby,5d2e2bd29eb5bd4f933f513976a0886c1988c89d
https://github.com/apache/derby,apache_derby,f49994f3fd3319f1634f44da465f01dc10c46a7c
https://github.com/apache/derby,apache_derby,24b23a8670e2f153c8ecdbf0c53f7965983c1c22
https://github.com/apache/derby,apache_derby,e65b4db83c2369831caa8ab2fb6a38837111fb9b
https://github.com/apache/derby,apache_derby,6950a390bdf86e0bf755d38da3b29d620adcd49d
https://github.com/apache/derby,apache_derby,99d7d8b345483aee04eb75af567cef72ac43dfb7
https://github.com/apache/derby,apache_derby,ee59de8528b2bf6a3b98c6ef9dccbfcc74b385d3
https://github.com/apache/derby,apache_derby,88777c56b473a6ef9870667895e74329d7a68074
https://github.com/apache/derby,apache_derby,04a2f12c7cfd8db845813751f39264d06cd2ac38
https://github.com/apache/derby,apache_derby,078bb79251917c087f3503806cd15f940dc13ad0
https://github.com/apache/derby,apache_derby,55a6cdc3cd63083421a329ecb0cd0bb45dd732d9
https://github.com/apache/derby,apache_derby,25f99f59e6268a1db9af0469b2b1a675d656da5f
https://github.com/apache/derby,apache_derby,b44572f22b3d69d267e7a6e8f56e92205d55195b
https://github.com/apache/derby,apache_derby,a7de08116087c8f1362b1ce9b5c9ed7d7b08eebf
https://github.com/apache/derby,apache_derby,bf643fd0693dc0aeaabbaab709aede76e882f19f
https://github.com/apache/derby,apache_derby,1373f5a6f57abef4e9748674c3516872e5a8ef30
https://github.com/apache/derby,apache_derby,12988c7ccd11204ef3c3177f765b2fd8eab6290c
https://github.com/apache/derby,apache_derby,851bcbb284a7e294f35a2bd8ccdb553bc4677673
https://github.com/apache/derby,apache_derby,5087be8daf12bae37969533dbe11d8564b541895
https://github.com/apache/derby,apache_derby,34b59c620d90d75d5f9ddbcbef0f0af18fb972ac
https://github.com/apache/derby,apache_derby,fade7e973fe4de9706c7dc940def98548c1ff841
https://github.com/apache/derby,apache_derby,a517b4e51269ddf2c0eb1aaa3255e3d499cd6343
https://github.com/apache/derby,apache_derby,f38528ad7a41e68f4d304e7968c3b8781dd36a77
https://github.com/apache/derby,apache_derby,a4e8535184551ed79c73e601f89ef2deb81d1ddc
https://github.com/apache/derby,apache_derby,cf0fdc4f5e6e9cd5376310f16efa45e7235132b6
https://github.com/apache/derby,apache_derby,8d13a1f37b9bca1d5b160ba9a21be1103699b5a1
https://github.com/apache/derby,apache_derby,b2b30ec54415bac38bc3337a06d1d6fb90a66bd8
https://github.com/apache/derby,apache_derby,69a192ae22196118e923c60d4de6002ec95f17c0
https://github.com/apache/derby,apache_derby,b7c1f3b0c9f747d5a82033b6a2d71e40f43c0800
https://github.com/apache/derby,apache_derby,2700e3d8f1dafc729d4b36a560f80e76f46dd4d7
https://github.com/apache/derby,apache_derby,b61d634909fb6c5a45c11ff43b518e183604bea9
https://github.com/apache/derby,apache_derby,d029255cd19db98b9b78fce8e8543ab1b1449676
https://github.com/apache/derby,apache_derby,73e555847f2cb58d2a0e06bd65435953963ecc59
https://github.com/apache/derby,apache_derby,5e9d262bcfd4a4a2d44d63521d995b7c8dbc9cb2
https://github.com/apache/derby,apache_derby,e214c072c3b33f7d3d39bfb7508d5468832c11e8
https://github.com/apache/derby,apache_derby,1d2a5693d7e9012d2fbdece7ec6adbc71ace9c1f
https://github.com/apache/derby,apache_derby,b61f8765f07a3febb1e4edf3150b6d331d9c34a0
https://github.com/apache/derby,apache_derby,c943ab326d7f3eb78cdbeec7cc6070b6272662f1
https://github.com/apache/derby,apache_derby,1e2aae0386f29e5cd68ffc9678231ffc8b375fc7
https://github.com/apache/derby,apache_derby,bc617837832f30aa62baef6ad96bc009ee80e1cd
https://github.com/apache/derby,apache_derby,c2b437d06b5ee51226140f810f9049a17dce81a9
https://github.com/apache/derby,apache_derby,09b38be4a5f319faa8aa2cff7145ce3c574a430e
https://github.com/apache/derby,apache_derby,60426a1751387bddd53fe786f8c18e4b1c30580b
https://github.com/apache/derby,apache_derby,cccf5ddad8fcfa582938b6437011e38d2f6c229e
https://github.com/apache/derby,apache_derby,2e4a44ee331251458ee6be6a67ec77275768b525
https://github.com/apache/derby,apache_derby,0f9b58430011ec60deaee5018408a0955d5bf54e
https://github.com/apache/derby,apache_derby,55ffdfb0aefe3444da222baa79a9acd773f1b603
https://github.com/apache/derby,apache_derby,da360eb21a681bd16f4cc6fde1e8b5bb8dc6f13d
https://github.com/apache/derby,apache_derby,5b35651ab6dae9f5d15b9774a263a504fb7a73a5
https://github.com/apache/derby,apache_derby,a5258560c33a2ce75b76061f29736417352449b5
https://github.com/apache/derby,apache_derby,a6a07338a44375205fd44a1a090cae102b6e0cfe
https://github.com/apache/derby,apache_derby,b343735475736eef7e920c4de4e46b887a048aad
https://github.com/apache/derby,apache_derby,0c91b1926210dea56015669b94f2f79670ced2de
https://github.com/apache/derby,apache_derby,5470256075fbfe22b197a66af178b024d04c37ed
https://github.com/apache/derby,apache_derby,3f3b5e6a695331a45aea96880cd89958f9cc8027
https://github.com/apache/derby,apache_derby,1036269b358f670b505fa65c2c01954b8bf0e077
https://github.com/apache/derby,apache_derby,722a8895795bd6449a8421736c7b8c6c8a308a4d
https://github.com/apache/derby,apache_derby,28e234d055de9d7ce51cda4b29558392e16a78ef
https://github.com/apache/derby,apache_derby,8a319fbe657110285b24f8b3e607dad8e87fdddb
https://github.com/apache/derby,apache_derby,0c4649df8a80db28a4f5f55478c0a6d871809d6e
https://github.com/apache/derby,apache_derby,f5354d6c9878d250eb4f8012b816a5618a97b0e4
https://github.com/apache/derby,apache_derby,70b437c6e658b9b069f3a392a18df57504d4453a
https://github.com/apache/derby,apache_derby,031843a03ca7fdc91cf6c98f63e1bbf46c5375dd
https://github.com/apache/derby,apache_derby,ce0b604847d0ca2ab7b2103e24e6f278077c97f0
https://github.com/apache/derby,apache_derby,291f91372738f48a63c94d1ee46ccb57755f7990
https://github.com/apache/derby,apache_derby,5f5e00dd5181693189c7af3290e82e6223f4fe22
https://github.com/apache/derby,apache_derby,a008fbf0da294356bf7eafd8b1d669fbb4a9211e
https://github.com/apache/derby,apache_derby,36d1b3565cea33bc5c006c3780b0252f4cffe388
https://github.com/apache/derby,apache_derby,14d5f009fde2e9cb72069b58de002245e5d063dd
https://github.com/apache/derby,apache_derby,01aa17623ea6a7bbd55065dfde923dcf81f694f4
https://github.com/apache/derby,apache_derby,aa86a51fda8ec2cadd348531583c26de2db02302
https://github.com/apache/derby,apache_derby,bb8f25af4a4b5d601b194615c631f58ee4acb8cc
https://github.com/apache/derby,apache_derby,af7f5e2b672f77a100cd0f48d67af4b8153685f3
https://github.com/apache/derby,apache_derby,02985805ac403a273fc2bb59ea88f92f5a4fde2e
https://github.com/apache/derby,apache_derby,0bace1aa9b50c036f3ba5d1ae4218e5317748f24
https://github.com/apache/derby,apache_derby,cef7d1e0b049f72f0597fb2de04bdfa723de86cc
https://github.com/apache/derby,apache_derby,c4e95b5db80d1bb77e110dbff640a4648eab72f5
https://github.com/apache/derby,apache_derby,10e07a544c2631c76e812a846010adf6283eb08a
https://github.com/apache/derby,apache_derby,3d650b1cb0e7096b3c8b3a076a5ded716f7e1c4a
https://github.com/apache/derby,apache_derby,ccdcb3de01caf026809ffe5043bd991b107a15c0
https://github.com/apache/derby,apache_derby,0ab3f6e9479eb416ddf5701e83e8f7cf5f2d9b99
https://github.com/apache/derby,apache_derby,37ce91b85082235362d6222d212aa15b7f7fac93
https://github.com/apache/derby,apache_derby,5839503b41a929f9470d28061cd24a04088c2c0f
https://github.com/apache/derby,apache_derby,1b46090f15105ca8056e12cf0f2533fa9a5e4daf
https://github.com/apache/derby,apache_derby,1146ea1a7649a0a4f58c006e64dd02a76ce16291
https://github.com/apache/derby,apache_derby,c774a1c494d9fd7cbee1ad84c2a20a012b44a4f3
https://github.com/apache/derby,apache_derby,afff7e0f8a3642049f53c5109a2abbdaa8d46ea7
https://github.com/apache/derby,apache_derby,3108420e7ff549aeb7a3d8a78e15957702ed2146
https://github.com/apache/derby,apache_derby,33467a5d142721436b82d235ab7b8a4051f86660
https://github.com/apache/derby,apache_derby,aaea35714b16a9df552eb9d0d624d9404763f92e
https://github.com/apache/derby,apache_derby,79d64484ba1adb6a8ef24d8d9f1704d9ee72d946
https://github.com/apache/derby,apache_derby,b9c57d5037b5e1cc744cdf9c23271b5e5add38b6
https://github.com/apache/derby,apache_derby,813a7fd547d618143bb17d5d2bd3bba7eac2c351
https://github.com/apache/derby,apache_derby,0217bc63abfc32524460a5a2db818f73601a745e
https://github.com/apache/derby,apache_derby,137e3a1a58d94125fa27ff25a166cd7b251b7cee
https://github.com/apache/derby,apache_derby,e071963eca9e6060c475d083a09c500caa75c1aa
https://github.com/apache/derby,apache_derby,0ea31cabce1f0a48de34ec497303dfb714d637ab
https://github.com/apache/derby,apache_derby,305269aa6875a61c1d530823f85da2b8035ef181
https://github.com/apache/derby,apache_derby,242c9bda1c1d17214c7658796d4b08809bdad2db
https://github.com/apache/derby,apache_derby,dbe5dc3bea25630ba2ab2496ee1e88e91bb8549b
https://github.com/apache/derby,apache_derby,db8dae7dbf09741622ed1040336ab91dd730aed9
https://github.com/apache/derby,apache_derby,f41a8a75f6fc127ac0018a97127d29aece3cbfcd
https://github.com/apache/derby,apache_derby,40a554bdfa1240363464b1cec127d780d310681f
https://github.com/apache/derby,apache_derby,c5935add096a51f769aee0f6e3aac74c260b4212
https://github.com/apache/derby,apache_derby,4eccdff73d4dec47d0d797ff25f392febe8e45a4
https://github.com/apache/derby,apache_derby,84fa650c462c8dcaff07986bd4e7a4a91ea17462
https://github.com/apache/derby,apache_derby,8c9d41ec865ee9f301a16f424a883d076238563a
https://github.com/apache/derby,apache_derby,0c97a1042246a1c2053b4c9924b6a5d46a32d9d8
https://github.com/apache/derby,apache_derby,eeeece4b5f6a1530bdf686ac3495875ca9843e8b
https://github.com/apache/derby,apache_derby,41674acdbecb4a4c1770db90ba3f18a543bd7fd0
https://github.com/apache/derby,apache_derby,6de7104478a100a2d399d7df6c88fc4174d4c9de
https://github.com/apache/derby,apache_derby,53cbb5340fe5f2d44df1d1bf79136d986263d2e4
https://github.com/apache/derby,apache_derby,86be795f99ca9c5f944048ebc76b5d847995bbae
https://github.com/apache/derby,apache_derby,8106edc92b67cf59b1a4343cb8237c69e3a69fd2
https://github.com/apache/derby,apache_derby,4fa5de95902ebcea12529ac513b7a4607fe63a8f
https://github.com/apache/derby,apache_derby,2bb479f169049e05f3979c64ea138a0fb43851e9
https://github.com/apache/derby,apache_derby,55de888ab61e52eff22be847765f363d22ce517e
https://github.com/apache/derby,apache_derby,4841b0e3e4c4c7cabc93e5c0c384739a848e176b
https://github.com/apache/derby,apache_derby,180546e3c6bdd211c1e6d9bf1a0721941cc64485
https://github.com/apache/derby,apache_derby,3d7af4e8139bb9d7aab094b7832e3fd0ccefe7fe
https://github.com/apache/derby,apache_derby,debc0fc6b0f0e65ada83c79e547978da3d2daf71
https://github.com/apache/derby,apache_derby,41943bbb71905b73e6f8c0d398d13a8492381873
https://github.com/apache/derby,apache_derby,3d7c3d5eb5e645e53a156adc6ff2a7bfa90fa724
https://github.com/apache/derby,apache_derby,f3c492faa9802b71ad271bd228dec6bde75803ad
https://github.com/apache/derby,apache_derby,ad72a2b54c859696bc300ee9268489b15eed3e5c
https://github.com/apache/derby,apache_derby,a4d3e58daedd013a18db57d03acc557f6250fb16
https://github.com/apache/derby,apache_derby,bb9f97a7090c04368eba91be518178fe996c1e07
https://github.com/apache/derby,apache_derby,dc43cf84280752386d5e2706e46665997cb672e9
https://github.com/apache/derby,apache_derby,ff249585f82a397c3692e9996b54ff9ae140e9c9
https://github.com/apache/derby,apache_derby,e1fc78359d3b59e614fcb434c94b34493125826a
https://github.com/apache/derby,apache_derby,f68f62fd81539c77a456631fbb47970ef33bc4fa
https://github.com/apache/derby,apache_derby,6e61723eaca1f07ae73b1a2c30d5df373823e8bd
https://github.com/apache/derby,apache_derby,b0889fc6c3ec8ec98520a1149a7dc51b5a698804
https://github.com/apache/derby,apache_derby,2d2e71770defa6a3bbf39bb9bc64770b1bf8a8a8
https://github.com/apache/derby,apache_derby,4c5c16b66604d6885efb599ec36e659db64005af
https://github.com/apache/derby,apache_derby,04acfa56ea0e9fd1ebbfb7768f30901486b10be8
https://github.com/apache/derby,apache_derby,45cb2dfc918b31b3dbb7809e0abbac7d5f9b063b
https://github.com/apache/derby,apache_derby,97105d683374a73f2314aa2cca084ef6d4cc9fa5
https://github.com/apache/derby,apache_derby,7de7ab4ed5efc2ed847b3d8d001e85eb4fdab781
https://github.com/apache/derby,apache_derby,7a7a1a37f48e6f49642af4be1551fc34981517c1
https://github.com/apache/derby,apache_derby,f7ce2630016e13e93246ae299925a2548b552daf
https://github.com/apache/derby,apache_derby,849dab23716628f0fab2e4cba1e667cebe3266d7
https://github.com/apache/derby,apache_derby,93ab830251aae84eb2391af83d99e391e3a36361
https://github.com/apache/derby,apache_derby,02d34272b9e241f723040d0b300415cc1bec0621
https://github.com/apache/derby,apache_derby,cbd0ff10e2753e492d971775ae3623b7d2a1fd70
https://github.com/apache/derby,apache_derby,0ee61e009605f47ada87bdedcbbe67e43bbd2802
https://github.com/apache/derby,apache_derby,ab4e752a6943544eb8dae0033df7b871c878ef3f
https://github.com/apache/derby,apache_derby,5b7c05399e7c091fee488f329e5446b5f2c44964
https://github.com/apache/derby,apache_derby,e257b0e2e0f88a15efa49e0aaf76fa4650575e22
https://github.com/apache/derby,apache_derby,b91cfb2207e4c3884211302d6c626a424112fae4
https://github.com/apache/derby,apache_derby,588f766d6661262f01d0bf7dcc0701f2198af48d
https://github.com/apache/derby,apache_derby,8443b6fcbc2a3243cc58f0c34cbba3866fd97b1a
https://github.com/apache/derby,apache_derby,69d1cb892d0e91cefd12d0763259b4b13383fa8a
https://github.com/apache/derby,apache_derby,b0238434217dbb60f85b20b0cb92561e0ad3ff8b
https://github.com/apache/derby,apache_derby,07501680ac3fb3a49b7869a4f08d06995edb994c
https://github.com/apache/derby,apache_derby,616c0d01b9a59f2c0b42da11e2c74420685c5e3a
https://github.com/apache/derby,apache_derby,81b9853fc6d3bcdc794ba6c841706c78e2088bea
https://github.com/apache/derby,apache_derby,c33b0cfc856d26e94f5394f958c37d63c79a3718
https://github.com/apache/derby,apache_derby,bd018fd9ff34423dcc2acefc560ff52255d9f098
https://github.com/apache/derby,apache_derby,6aa0b127eae6560305121bcf2d2e712578b5b017
https://github.com/apache/derby,apache_derby,10e4538ebd9013c063d65fae9933ef7a62e15f0f
https://github.com/apache/derby,apache_derby,7eb8268695821336631b85f1ebcadab95e28aee4
https://github.com/apache/derby,apache_derby,90731d50069e5b406dc9cb22d7a9a2163a41910f
https://github.com/apache/derby,apache_derby,40877146f71c4fc21cadf0bebce30c45c4d324ce
https://github.com/apache/derby,apache_derby,0438c35b68b50ca2fbc017b82790ee9cb47786fa
https://github.com/apache/derby,apache_derby,e5072297e5225c8d9a9e7b6ceceabca2f851e9b7
https://github.com/apache/derby,apache_derby,e621aee20118c7a4af1d6454b9679d8462d3bb2e
https://github.com/apache/derby,apache_derby,ceee49ee9c063a3b998fe4f346cfae4ef7ea2bb0
https://github.com/apache/derby,apache_derby,a63ab5e57ad7bb7bcffd977e082be689a05f12c0
https://github.com/apache/derby,apache_derby,e0f1ffe2fc7615b75e869d19af8890db0b14b68b
https://github.com/apache/derby,apache_derby,872647655e32c30c06183c00105a9905aa0704d8
https://github.com/apache/derby,apache_derby,de7372b8e8a995eaa085708ebd7a5313a47f399e
https://github.com/apache/derby,apache_derby,76432e1105f843ab0284a76ab2a9d46b5109a96e
https://github.com/apache/derby,apache_derby,c7b3589890f118a8222fecb5f0849f111b1c31d9
https://github.com/apache/derby,apache_derby,d488449ac98bc4f79928203e37b754fefa93797f
https://github.com/apache/derby,apache_derby,26b12facc573226f3ef3641215950c97f174a2f5
https://github.com/apache/derby,apache_derby,273ce5e6c3e318bec9690b6a51ce6394319ff56d
https://github.com/apache/derby,apache_derby,a768c94c9ad4c21c5570ff95ada4f46882098e72
https://github.com/apache/derby,apache_derby,01a4f9bd8890e2288c089e821d6ac71edecdfd4b
https://github.com/apache/derby,apache_derby,1cfe34ee06688596e4b30087fb855948b537e40a
https://github.com/apache/derby,apache_derby,407e52dcf4ecae254680b00e64db66045d5ab24f
https://github.com/apache/derby,apache_derby,9a428e437ad5611088cf502742a1f011bfecb053
https://github.com/apache/derby,apache_derby,3fcea8a68044fee4bd9fbef4edabb4a2afa14a6f
https://github.com/apache/derby,apache_derby,48a988473fb7eb25a4087f0e206249f7ab0c7cae
https://github.com/apache/derby,apache_derby,665a8b9a863ab9ac6c7ce31e5b1687c5b893a8c8
https://github.com/apache/derby,apache_derby,82d6586105f16b0579ad0d453cf6a514b36651a6
https://github.com/apache/derby,apache_derby,3392df8150326765310f52eab9a68254da75761d
https://github.com/apache/derby,apache_derby,3a6f4cf9d304c6f18d76060305bda47d7b69582c
https://github.com/apache/derby,apache_derby,054847893b1f2b752f36c8867dd29fb899b9b277
https://github.com/apache/derby,apache_derby,6de69bd3e64cb9057173d8f702a7f2f50978368f
https://github.com/apache/derby,apache_derby,ec4692062244299fefcbad10ca7a560aa35f24ed
https://github.com/apache/derby,apache_derby,1c8ca70c17fc5ff8e8599005791869452542de6b
https://github.com/apache/derby,apache_derby,ac64517b7882ccd06bbf72cc2a0659563535fa6b
https://github.com/apache/derby,apache_derby,41d69da486797cce2e65c5fbc2c6d6d3664098e8
https://github.com/apache/derby,apache_derby,e4ada41051e0db8adfdb5fb526f224dc0c7cf074
https://github.com/apache/derby,apache_derby,139ca850072f88e5fa534c50cad3ed969a22348b
https://github.com/apache/derby,apache_derby,4d8deb633827f976fe1b54ee7bdd6bdc360d6695
https://github.com/apache/derby,apache_derby,c66c4e1d361b84b5eb09f98c34085b7827a06ab2
https://github.com/apache/derby,apache_derby,ca2807d4a8ee18dcd7c688316ba96529fc40664b
https://github.com/apache/derby,apache_derby,d7ee7fac4fd461a9791cf0405621837832fc60a2
https://github.com/apache/derby,apache_derby,177992f59ea5252f77febbb42d27bb5af34128ad
https://github.com/apache/derby,apache_derby,17227cff56b3e6891d05e0eb9e6103648fc10553
https://github.com/apache/derby,apache_derby,a5006ebcedc93d66e490bfb80ea337a7b534c8ac
https://github.com/apache/derby,apache_derby,ad6d5f118b522609da226eacdb339d6e44111f7d
https://github.com/apache/derby,apache_derby,cf61371e4b68fa70d71928e9c8cf6345942b0c8b
https://github.com/apache/derby,apache_derby,beb1faafdaeb39c17105e03e079b633fb9ebc2bf
https://github.com/apache/derby,apache_derby,17a0ba93bc20d0200848c3373853f1c0e7202dbb
https://github.com/apache/derby,apache_derby,3c0c3eed1dc6dce6cf65890d0f07864d885d06ef
https://github.com/apache/derby,apache_derby,3b4b552c816f27289ca40946a86c2444b4021a10
https://github.com/apache/derby,apache_derby,63c65ac2363918adf82f34f21c3122c04d575882
https://github.com/apache/derby,apache_derby,02c89761cb905eebbe8d07bc1a47417238951078
https://github.com/apache/derby,apache_derby,044179c39f78d912b7fb6e01d3483e1062bc3130
https://github.com/apache/derby,apache_derby,2d3677b5ee095b756ee3369e8f3fc03df673b80d
https://github.com/apache/derby,apache_derby,97734e3e04d6eb5d9566477ee6696ccaf1ee9272
https://github.com/apache/derby,apache_derby,d6b042086376f9c17e7f3ef7b870f5f3ec99149f
https://github.com/apache/derby,apache_derby,0fccc4c93c6ac147f82c6d2926de6b634a9499ae
https://github.com/apache/derby,apache_derby,3f965edfcfa0cd90fd3d28551e52ff78af89ffde
https://github.com/apache/derby,apache_derby,b52ccdf74dc14311ce34beefecc946ca213e22ce
https://github.com/apache/derby,apache_derby,7bceacaa400cc5e371cfb7b112c4f85777971147
https://github.com/apache/derby,apache_derby,93abf18bef673c00057ef2cdc291104de59b01db
https://github.com/apache/derby,apache_derby,0076dfb6fcf8fb25c2f3dd5da13161927cbfa375
https://github.com/apache/derby,apache_derby,f3ab04f35dde0f944acdac272f2e4742f65a89d0
https://github.com/apache/derby,apache_derby,43592363c669b58b6c64d11df587cb100bb343cc
https://github.com/apache/derby,apache_derby,12e892f542f99d67b65d43138d5527e1c59aeb65
https://github.com/apache/derby,apache_derby,28b508417e245cb7ec4c654bfaa223cadc3e0603
https://github.com/apache/derby,apache_derby,56c419e41021e1f2cd4f28414a59133a2c52fd87
https://github.com/apache/derby,apache_derby,5252985a5c2151098dc6ec24947ebd351ceb0721
https://github.com/apache/derby,apache_derby,678868b890a56a4c2f2363f3ea25dffee8593f1d
https://github.com/apache/derby,apache_derby,38520af26380540185da2b4af4f153eb84e59c39